[debug] [2024-12-31T13:09:31.289Z] ----------------------------------------------------------------------
[debug] [2024-12-31T13:09:31.291Z] Command:       /usr/local/bin/node /usr/local/bin/firebase deploy --only functions
[debug] [2024-12-31T13:09:31.291Z] CLI Version:   13.29.1
[debug] [2024-12-31T13:09:31.291Z] Platform:      darwin
[debug] [2024-12-31T13:09:31.291Z] Node Version:  v20.14.0
[debug] [2024-12-31T13:09:31.291Z] Time:          Tue Dec 31 2024 21:09:31 GMT+0800 (Hong Kong Standard Time)
[debug] [2024-12-31T13:09:31.291Z] ----------------------------------------------------------------------
[debug] 
[debug] [2024-12-31T13:09:31.329Z] > command requires scopes: ["email","openid","https://www.googleapis.com/auth/cloudplatformprojects.readonly","https://www.googleapis.com/auth/firebase","https://www.googleapis.com/auth/cloud-platform"]
[debug] [2024-12-31T13:09:31.330Z] > authorizing via signed-in user (zhang4021@gmail.com)
[debug] [2024-12-31T13:09:31.330Z] [iam] checking project twotwentyfive-3acb1 for permissions ["cloudfunctions.functions.create","cloudfunctions.functions.delete","cloudfunctions.functions.get","cloudfunctions.functions.list","cloudfunctions.functions.update","cloudfunctions.operations.get","firebase.projects.get"]
[debug] [2024-12-31T13:09:31.330Z] Checked if tokens are valid: true, expires at: 1735652572396
[debug] [2024-12-31T13:09:31.330Z] Checked if tokens are valid: true, expires at: 1735652572396
[debug] [2024-12-31T13:09:31.331Z] >>> [apiv2][query] POST https://cloudresourcemanager.googleapis.com/v1/projects/twotwentyfive-3acb1:testIamPermissions [none]
[debug] [2024-12-31T13:09:31.331Z] >>> [apiv2][(partial)header] POST https://cloudresourcemanager.googleapis.com/v1/projects/twotwentyfive-3acb1:testIamPermissions x-goog-quota-user=projects/twotwentyfive-3acb1
[debug] [2024-12-31T13:09:31.331Z] >>> [apiv2][body] POST https://cloudresourcemanager.googleapis.com/v1/projects/twotwentyfive-3acb1:testIamPermissions {"permissions":["cloudfunctions.functions.create","cloudfunctions.functions.delete","cloudfunctions.functions.get","cloudfunctions.functions.list","cloudfunctions.functions.update","cloudfunctions.operations.get","firebase.projects.get"]}
[debug] [2024-12-31T13:09:32.847Z] <<< [apiv2][status] POST https://cloudresourcemanager.googleapis.com/v1/projects/twotwentyfive-3acb1:testIamPermissions 200
[debug] [2024-12-31T13:09:32.848Z] <<< [apiv2][body] POST https://cloudresourcemanager.googleapis.com/v1/projects/twotwentyfive-3acb1:testIamPermissions {"permissions":["cloudfunctions.functions.create","cloudfunctions.functions.delete","cloudfunctions.functions.get","cloudfunctions.functions.list","cloudfunctions.functions.update","cloudfunctions.operations.get","firebase.projects.get"]}
[debug] [2024-12-31T13:09:32.848Z] Checked if tokens are valid: true, expires at: 1735652572396
[debug] [2024-12-31T13:09:32.848Z] Checked if tokens are valid: true, expires at: 1735652572396
[debug] [2024-12-31T13:09:32.848Z] >>> [apiv2][query] POST https://iam.googleapis.com/v1/projects/twotwentyfive-3acb1/serviceAccounts/twotwentyfive-3acb1@appspot.gserviceaccount.com:testIamPermissions [none]
[debug] [2024-12-31T13:09:32.849Z] >>> [apiv2][body] POST https://iam.googleapis.com/v1/projects/twotwentyfive-3acb1/serviceAccounts/twotwentyfive-3acb1@appspot.gserviceaccount.com:testIamPermissions {"permissions":["iam.serviceAccounts.actAs"]}
[debug] [2024-12-31T13:09:33.773Z] <<< [apiv2][status] POST https://iam.googleapis.com/v1/projects/twotwentyfive-3acb1/serviceAccounts/twotwentyfive-3acb1@appspot.gserviceaccount.com:testIamPermissions 200
[debug] [2024-12-31T13:09:33.773Z] <<< [apiv2][body] POST https://iam.googleapis.com/v1/projects/twotwentyfive-3acb1/serviceAccounts/twotwentyfive-3acb1@appspot.gserviceaccount.com:testIamPermissions {"permissions":["iam.serviceAccounts.actAs"]}
[info] 
[info] === Deploying to 'twotwentyfive-3acb1'...
[info] 
[info] i  deploying functions 
[debug] [2024-12-31T13:09:33.777Z] Checked if tokens are valid: true, expires at: 1735652572396
[debug] [2024-12-31T13:09:33.777Z] Checked if tokens are valid: true, expires at: 1735652572396
[debug] [2024-12-31T13:09:33.777Z] >>> [apiv2][query] GET https://cloudresourcemanager.googleapis.com/v1/projects/twotwentyfive-3acb1 [none]
[debug] [2024-12-31T13:09:34.107Z] <<< [apiv2][status] GET https://cloudresourcemanager.googleapis.com/v1/projects/twotwentyfive-3acb1 200
[debug] [2024-12-31T13:09:34.108Z] <<< [apiv2][body] GET https://cloudresourcemanager.googleapis.com/v1/projects/twotwentyfive-3acb1 {"projectNumber":"640231718439","projectId":"twotwentyfive-3acb1","lifecycleState":"ACTIVE","name":"TwoTwentyFive","labels":{"firebase":"enabled","firebase-core":"disabled"},"createTime":"2024-12-10T22:24:30.845386Z"}
[info] i  functions: preparing codebase default for deployment 
[info] i  functions: ensuring required API cloudfunctions.googleapis.com is enabled... 
[debug] [2024-12-31T13:09:34.109Z] Checked if tokens are valid: true, expires at: 1735652572396
[debug] [2024-12-31T13:09:34.110Z] Checked if tokens are valid: true, expires at: 1735652572396
[debug] [2024-12-31T13:09:34.110Z] Checked if tokens are valid: true, expires at: 1735652572396
[debug] [2024-12-31T13:09:34.110Z] Checked if tokens are valid: true, expires at: 1735652572396
[info] i  functions: ensuring required API cloudbuild.googleapis.com is enabled... 
[debug] [2024-12-31T13:09:34.111Z] Checked if tokens are valid: true, expires at: 1735652572396
[debug] [2024-12-31T13:09:34.111Z] Checked if tokens are valid: true, expires at: 1735652572396
[info] i  artifactregistry: ensuring required API artifactregistry.googleapis.com is enabled... 
[debug] [2024-12-31T13:09:34.111Z] Checked if tokens are valid: true, expires at: 1735652572396
[debug] [2024-12-31T13:09:34.112Z] Checked if tokens are valid: true, expires at: 1735652572396
[debug] [2024-12-31T13:09:34.112Z] >>> [apiv2][query] GET https://serviceusage.googleapis.com/v1/projects/twotwentyfive-3acb1/services/cloudfunctions.googleapis.com [none]
[debug] [2024-12-31T13:09:34.112Z] >>> [apiv2][(partial)header] GET https://serviceusage.googleapis.com/v1/projects/twotwentyfive-3acb1/services/cloudfunctions.googleapis.com x-goog-quota-user=projects/twotwentyfive-3acb1
[debug] [2024-12-31T13:09:34.114Z] >>> [apiv2][query] GET https://serviceusage.googleapis.com/v1/projects/twotwentyfive-3acb1/services/runtimeconfig.googleapis.com [none]
[debug] [2024-12-31T13:09:34.114Z] >>> [apiv2][(partial)header] GET https://serviceusage.googleapis.com/v1/projects/twotwentyfive-3acb1/services/runtimeconfig.googleapis.com x-goog-quota-user=projects/twotwentyfive-3acb1
[debug] [2024-12-31T13:09:34.115Z] >>> [apiv2][query] GET https://serviceusage.googleapis.com/v1/projects/twotwentyfive-3acb1/services/cloudbuild.googleapis.com [none]
[debug] [2024-12-31T13:09:34.115Z] >>> [apiv2][(partial)header] GET https://serviceusage.googleapis.com/v1/projects/twotwentyfive-3acb1/services/cloudbuild.googleapis.com x-goog-quota-user=projects/twotwentyfive-3acb1
[debug] [2024-12-31T13:09:34.117Z] >>> [apiv2][query] GET https://serviceusage.googleapis.com/v1/projects/twotwentyfive-3acb1/services/artifactregistry.googleapis.com [none]
[debug] [2024-12-31T13:09:34.117Z] >>> [apiv2][(partial)header] GET https://serviceusage.googleapis.com/v1/projects/twotwentyfive-3acb1/services/artifactregistry.googleapis.com x-goog-quota-user=projects/twotwentyfive-3acb1
[debug] [2024-12-31T13:09:36.498Z] <<< [apiv2][status] GET https://serviceusage.googleapis.com/v1/projects/twotwentyfive-3acb1/services/runtimeconfig.googleapis.com 200
[debug] [2024-12-31T13:09:36.499Z] <<< [apiv2][body] GET https://serviceusage.googleapis.com/v1/projects/twotwentyfive-3acb1/services/runtimeconfig.googleapis.com [omitted]
[debug] [2024-12-31T13:09:36.522Z] <<< [apiv2][status] GET https://serviceusage.googleapis.com/v1/projects/twotwentyfive-3acb1/services/cloudfunctions.googleapis.com 200
[debug] [2024-12-31T13:09:36.522Z] <<< [apiv2][body] GET https://serviceusage.googleapis.com/v1/projects/twotwentyfive-3acb1/services/cloudfunctions.googleapis.com [omitted]
[info] ✔  functions: required API cloudfunctions.googleapis.com is enabled 
[debug] [2024-12-31T13:09:36.533Z] <<< [apiv2][status] GET https://serviceusage.googleapis.com/v1/projects/twotwentyfive-3acb1/services/artifactregistry.googleapis.com 200
[debug] [2024-12-31T13:09:36.533Z] <<< [apiv2][body] GET https://serviceusage.googleapis.com/v1/projects/twotwentyfive-3acb1/services/artifactregistry.googleapis.com [omitted]
[info] ✔  artifactregistry: required API artifactregistry.googleapis.com is enabled 
[debug] [2024-12-31T13:09:36.594Z] <<< [apiv2][status] GET https://serviceusage.googleapis.com/v1/projects/twotwentyfive-3acb1/services/cloudbuild.googleapis.com 200
[debug] [2024-12-31T13:09:36.594Z] <<< [apiv2][body] GET https://serviceusage.googleapis.com/v1/projects/twotwentyfive-3acb1/services/cloudbuild.googleapis.com [omitted]
[info] ✔  functions: required API cloudbuild.googleapis.com is enabled 
[debug] [2024-12-31T13:09:36.595Z] Checked if tokens are valid: true, expires at: 1735652572396
[debug] [2024-12-31T13:09:36.595Z] Checked if tokens are valid: true, expires at: 1735652572396
[debug] [2024-12-31T13:09:36.595Z] >>> [apiv2][query] GET https://firebase.googleapis.com/v1beta1/projects/twotwentyfive-3acb1/adminSdkConfig [none]
[debug] [2024-12-31T13:09:37.499Z] <<< [apiv2][status] GET https://firebase.googleapis.com/v1beta1/projects/twotwentyfive-3acb1/adminSdkConfig 200
[debug] [2024-12-31T13:09:37.499Z] <<< [apiv2][body] GET https://firebase.googleapis.com/v1beta1/projects/twotwentyfive-3acb1/adminSdkConfig {"projectId":"twotwentyfive-3acb1","storageBucket":"twotwentyfive-3acb1.firebasestorage.app"}
[debug] [2024-12-31T13:09:37.500Z] Checked if tokens are valid: true, expires at: 1735652572396
[debug] [2024-12-31T13:09:37.500Z] Checked if tokens are valid: true, expires at: 1735652572396
[debug] [2024-12-31T13:09:37.500Z] >>> [apiv2][query] GET https://runtimeconfig.googleapis.com/v1beta1/projects/twotwentyfive-3acb1/configs [none]
[debug] [2024-12-31T13:09:39.877Z] <<< [apiv2][status] GET https://runtimeconfig.googleapis.com/v1beta1/projects/twotwentyfive-3acb1/configs 200
[debug] [2024-12-31T13:09:39.877Z] <<< [apiv2][body] GET https://runtimeconfig.googleapis.com/v1beta1/projects/twotwentyfive-3acb1/configs {}
[debug] [2024-12-31T13:09:39.880Z] Validating nodejs source
[debug] [2024-12-31T13:09:41.761Z] > [functions] package.json contents: {
  "name": "functions",
  "description": "Cloud Functions for Firebase",
  "scripts": {
    "serve": "firebase emulators:start --only functions",
    "shell": "firebase functions:shell",
    "start": "npm run shell",
    "deploy": "firebase deploy --only functions",
    "logs": "firebase functions:log",
    "android": "expo run:android",
    "ios": "expo run:ios"
  },
  "engines": {
    "node": "22"
  },
  "main": "index.js",
  "dependencies": {
    "firebase-admin": "^12.7.0",
    "firebase-functions": "^6.2.0",
    "moment-timezone": "^0.5.46",
    "expo": "~51.0.28",
    "react": "18.2.0",
    "react-native": "0.74.5"
  },
  "devDependencies": {
    "firebase-functions-test": "^3.1.0"
  },
  "private": true,
  "version": "1.0.0"
}
[debug] [2024-12-31T13:09:41.761Z] Building nodejs source
[info] i  functions: Loading and analyzing source code for codebase default to determine what to deploy 
[debug] [2024-12-31T13:09:41.763Z] Could not find functions.yaml. Must use http discovery
[debug] [2024-12-31T13:09:41.770Z] Found firebase-functions binary at '/Users/johnzhang/Documents/GitHub/gymapp/functions/node_modules/.bin/firebase-functions'
[info] Serving at port 8750

[debug] [2024-12-31T13:09:42.905Z] Got response from /__/functions.yaml {"endpoints":{"sendWorkoutReminders":{"platform":"gcfv1","availableMemoryMb":null,"timeoutSeconds":null,"minInstances":null,"maxInstances":null,"ingressSettings":null,"serviceAccountEmail":null,"vpc":null,"scheduleTrigger":{"schedule":"every 1 hours","retryConfig":{"retryCount":null,"maxDoublings":null,"maxRetryDuration":null,"maxBackoffDuration":null,"minBackoffDuration":null},"timeZone":null},"labels":{},"entryPoint":"sendWorkoutReminders"}},"specVersion":"v1alpha1","requiredAPIs":[{"api":"cloudscheduler.googleapis.com","reason":"Needed for scheduled functions."}],"extensions":{}}
[info] i  extensions: ensuring required API firebaseextensions.googleapis.com is enabled... 
[debug] [2024-12-31T13:09:47.924Z] Checked if tokens are valid: true, expires at: 1735652572396
[debug] [2024-12-31T13:09:47.924Z] Checked if tokens are valid: true, expires at: 1735652572396
[debug] [2024-12-31T13:09:47.924Z] >>> [apiv2][query] GET https://serviceusage.googleapis.com/v1/projects/twotwentyfive-3acb1/services/firebaseextensions.googleapis.com [none]
[debug] [2024-12-31T13:09:47.924Z] >>> [apiv2][(partial)header] GET https://serviceusage.googleapis.com/v1/projects/twotwentyfive-3acb1/services/firebaseextensions.googleapis.com x-goog-quota-user=projects/twotwentyfive-3acb1
[debug] [2024-12-31T13:09:50.340Z] <<< [apiv2][status] GET https://serviceusage.googleapis.com/v1/projects/twotwentyfive-3acb1/services/firebaseextensions.googleapis.com 200
[debug] [2024-12-31T13:09:50.341Z] <<< [apiv2][body] GET https://serviceusage.googleapis.com/v1/projects/twotwentyfive-3acb1/services/firebaseextensions.googleapis.com [omitted]
[info] ✔  extensions: required API firebaseextensions.googleapis.com is enabled 
[debug] [2024-12-31T13:09:50.341Z] > command requires scopes: ["email","openid","https://www.googleapis.com/auth/cloudplatformprojects.readonly","https://www.googleapis.com/auth/firebase","https://www.googleapis.com/auth/cloud-platform"]
[debug] [2024-12-31T13:09:50.341Z] > authorizing via signed-in user (zhang4021@gmail.com)
[debug] [2024-12-31T13:09:50.341Z] [iam] checking project twotwentyfive-3acb1 for permissions ["firebase.projects.get","firebaseextensions.instances.list"]
[debug] [2024-12-31T13:09:50.342Z] Checked if tokens are valid: true, expires at: 1735652572396
[debug] [2024-12-31T13:09:50.342Z] Checked if tokens are valid: true, expires at: 1735652572396
[debug] [2024-12-31T13:09:50.342Z] >>> [apiv2][query] POST https://cloudresourcemanager.googleapis.com/v1/projects/twotwentyfive-3acb1:testIamPermissions [none]
[debug] [2024-12-31T13:09:50.342Z] >>> [apiv2][(partial)header] POST https://cloudresourcemanager.googleapis.com/v1/projects/twotwentyfive-3acb1:testIamPermissions x-goog-quota-user=projects/twotwentyfive-3acb1
[debug] [2024-12-31T13:09:50.342Z] >>> [apiv2][body] POST https://cloudresourcemanager.googleapis.com/v1/projects/twotwentyfive-3acb1:testIamPermissions {"permissions":["firebase.projects.get","firebaseextensions.instances.list"]}
[debug] [2024-12-31T13:09:51.750Z] <<< [apiv2][status] POST https://cloudresourcemanager.googleapis.com/v1/projects/twotwentyfive-3acb1:testIamPermissions 200
[debug] [2024-12-31T13:09:51.750Z] <<< [apiv2][body] POST https://cloudresourcemanager.googleapis.com/v1/projects/twotwentyfive-3acb1:testIamPermissions {"permissions":["firebase.projects.get","firebaseextensions.instances.list"]}
[debug] [2024-12-31T13:09:51.751Z] Checked if tokens are valid: true, expires at: 1735652572396
[debug] [2024-12-31T13:09:51.751Z] Checked if tokens are valid: true, expires at: 1735652572396
[debug] [2024-12-31T13:09:51.752Z] >>> [apiv2][query] GET https://firebaseextensions.googleapis.com/v1beta/projects/twotwentyfive-3acb1/instances pageSize=100&pageToken=
[debug] [2024-12-31T13:09:53.456Z] <<< [apiv2][status] GET https://firebaseextensions.googleapis.com/v1beta/projects/twotwentyfive-3acb1/instances 200
[debug] [2024-12-31T13:09:53.457Z] <<< [apiv2][body] GET https://firebaseextensions.googleapis.com/v1beta/projects/twotwentyfive-3acb1/instances {}
[info] i  functions: preparing functions directory for uploading... 
[info] i  functions: packaged /Users/johnzhang/Documents/GitHub/gymapp/functions (160.55 KB) for uploading 
[debug] [2024-12-31T13:09:53.501Z] Checked if tokens are valid: true, expires at: 1735652572396
[debug] [2024-12-31T13:09:53.501Z] Checked if tokens are valid: true, expires at: 1735652572396
[debug] [2024-12-31T13:09:53.501Z] >>> [apiv2][query] GET https://cloudfunctions.googleapis.com/v1/projects/twotwentyfive-3acb1/locations/-/functions [none]
[debug] [2024-12-31T13:09:55.947Z] <<< [apiv2][status] GET https://cloudfunctions.googleapis.com/v1/projects/twotwentyfive-3acb1/locations/-/functions 200
[debug] [2024-12-31T13:09:55.947Z] <<< [apiv2][body] GET https://cloudfunctions.googleapis.com/v1/projects/twotwentyfive-3acb1/locations/-/functions {"functions":[{"name":"projects/twotwentyfive-3acb1/locations/us-central1/functions/sendWorkoutReminders","eventTrigger":{"eventType":"google.pubsub.topic.publish","resource":"projects/twotwentyfive-3acb1/topics/firebase-schedule-sendWorkoutReminders-us-central1","service":"pubsub.googleapis.com","failurePolicy":{}},"status":"ACTIVE","entryPoint":"sendWorkoutReminders","timeout":"60s","availableMemoryMb":256,"serviceAccountEmail":"twotwentyfive-3acb1@appspot.gserviceaccount.com","updateTime":"2024-12-31T07:24:53.950Z","versionId":"2","labels":{"deployment-tool":"cli-firebase","deployment-scheduled":"true","firebase-functions-hash":"50064eaff327f4645d4448e0b7d4c09a0faf3506"},"sourceUploadUrl":"https://storage.googleapis.com/uploads-906430938237.us-central1.cloudfunctions.appspot.com/ff25320e-cd42-4c34-8462-50d032a3745b.zip","environmentVariables":{"FIREBASE_CONFIG":"{\"projectId\":\"twotwentyfive-3acb1\",\"storageBucket\":\"twotwentyfive-3acb1.firebasestorage.app\"}","GCLOUD_PROJECT":"twotwentyfive-3acb1","EVENTARC_CLOUD_EVENT_SOURCE":"projects/twotwentyfive-3acb1/locations/us-central1/functions/sendWorkoutReminders"},"runtime":"nodejs22","maxInstances":3000,"ingressSettings":"ALLOW_ALL","buildId":"86625721-b576-4148-a4e6-c14968246a15","buildEnvironmentVariables":{"GOOGLE_NODE_RUN_SCRIPTS":""},"buildName":"projects/640231718439/locations/us-central1/builds/86625721-b576-4148-a4e6-c14968246a15","dockerRegistry":"ARTIFACT_REGISTRY","automaticUpdatePolicy":{},"buildServiceAccount":"projects/twotwentyfive-3acb1/serviceAccounts/640231718439-compute@developer.gserviceaccount.com"}]}
[debug] [2024-12-31T13:09:55.949Z] Checked if tokens are valid: true, expires at: 1735652572396
[debug] [2024-12-31T13:09:55.949Z] Checked if tokens are valid: true, expires at: 1735652572396
[debug] [2024-12-31T13:09:55.949Z] >>> [apiv2][query] GET https://cloudfunctions.googleapis.com/v2/projects/twotwentyfive-3acb1/locations/-/functions filter=environment%3D%22GEN_2%22
[debug] [2024-12-31T13:09:56.562Z] <<< [apiv2][status] GET https://cloudfunctions.googleapis.com/v2/projects/twotwentyfive-3acb1/locations/-/functions 200
[debug] [2024-12-31T13:09:56.562Z] <<< [apiv2][body] GET https://cloudfunctions.googleapis.com/v2/projects/twotwentyfive-3acb1/locations/-/functions {}
[info] i  functions: ensuring required API cloudscheduler.googleapis.com is enabled... 
[debug] [2024-12-31T13:09:56.565Z] Checked if tokens are valid: true, expires at: 1735652572396
[debug] [2024-12-31T13:09:56.565Z] Checked if tokens are valid: true, expires at: 1735652572396
[debug] [2024-12-31T13:09:56.565Z] >>> [apiv2][query] GET https://serviceusage.googleapis.com/v1/projects/twotwentyfive-3acb1/services/cloudscheduler.googleapis.com [none]
[debug] [2024-12-31T13:09:56.565Z] >>> [apiv2][(partial)header] GET https://serviceusage.googleapis.com/v1/projects/twotwentyfive-3acb1/services/cloudscheduler.googleapis.com x-goog-quota-user=projects/twotwentyfive-3acb1
[debug] [2024-12-31T13:09:57.946Z] <<< [apiv2][status] GET https://serviceusage.googleapis.com/v1/projects/twotwentyfive-3acb1/services/cloudscheduler.googleapis.com 200
[debug] [2024-12-31T13:09:57.946Z] <<< [apiv2][body] GET https://serviceusage.googleapis.com/v1/projects/twotwentyfive-3acb1/services/cloudscheduler.googleapis.com [omitted]
[info] ✔  functions: required API cloudscheduler.googleapis.com is enabled 
[debug] [2024-12-31T13:09:57.948Z] Checked if tokens are valid: true, expires at: 1735652572396
[debug] [2024-12-31T13:09:57.948Z] Checked if tokens are valid: true, expires at: 1735652572396
[debug] [2024-12-31T13:09:57.948Z] >>> [apiv2][query] GET https://cloudresourcemanager.googleapis.com/v1/projects/twotwentyfive-3acb1 [none]
[debug] [2024-12-31T13:09:58.763Z] <<< [apiv2][status] GET https://cloudresourcemanager.googleapis.com/v1/projects/twotwentyfive-3acb1 200
[debug] [2024-12-31T13:09:58.763Z] <<< [apiv2][body] GET https://cloudresourcemanager.googleapis.com/v1/projects/twotwentyfive-3acb1 {"projectNumber":"640231718439","projectId":"twotwentyfive-3acb1","lifecycleState":"ACTIVE","name":"TwoTwentyFive","labels":{"firebase":"enabled","firebase-core":"disabled"},"createTime":"2024-12-10T22:24:30.845386Z"}
[debug] [2024-12-31T13:09:58.764Z] Checked if tokens are valid: true, expires at: 1735652572396
[debug] [2024-12-31T13:09:58.764Z] Checked if tokens are valid: true, expires at: 1735652572396
[debug] [2024-12-31T13:09:58.764Z] >>> [apiv2][query] GET https://cloudbilling.googleapis.com/v1/projects/twotwentyfive-3acb1/billingInfo [none]
[debug] [2024-12-31T13:09:59.889Z] <<< [apiv2][status] GET https://cloudbilling.googleapis.com/v1/projects/twotwentyfive-3acb1/billingInfo 200
[debug] [2024-12-31T13:09:59.889Z] <<< [apiv2][body] GET https://cloudbilling.googleapis.com/v1/projects/twotwentyfive-3acb1/billingInfo {"name":"projects/twotwentyfive-3acb1/billingInfo","projectId":"twotwentyfive-3acb1","billingAccountName":"billingAccounts/015348-336495-C330AC","billingEnabled":true}
[debug] [2024-12-31T13:09:59.890Z] Checked if tokens are valid: true, expires at: 1735652572396
[debug] [2024-12-31T13:09:59.890Z] Checked if tokens are valid: true, expires at: 1735652572396
[debug] [2024-12-31T13:09:59.890Z] >>> [apiv2][query] POST https://cloudfunctions.googleapis.com/v1/projects/twotwentyfive-3acb1/locations/us-central1/functions:generateUploadUrl [none]
[debug] [2024-12-31T13:09:59.890Z] >>> [apiv2][body] POST https://cloudfunctions.googleapis.com/v1/projects/twotwentyfive-3acb1/locations/us-central1/functions:generateUploadUrl {}
[debug] [2024-12-31T13:10:00.637Z] <<< [apiv2][status] POST https://cloudfunctions.googleapis.com/v1/projects/twotwentyfive-3acb1/locations/us-central1/functions:generateUploadUrl 200
[debug] [2024-12-31T13:10:00.637Z] <<< [apiv2][body] POST https://cloudfunctions.googleapis.com/v1/projects/twotwentyfive-3acb1/locations/us-central1/functions:generateUploadUrl {"uploadUrl":"https://storage.googleapis.com/uploads-906430938237.us-central1.cloudfunctions.appspot.com/83a40c77-3eba-4b05-a181-85803079fdee.zip?GoogleAccessId=service-640231718439@gcf-admin-robot.iam.gserviceaccount.com&Expires=1735652400&Signature=Bs7IfB3abrjA0GMouhl3YAsMLt%2F5uEW4iPuFaa3GpCk4ym4h95hiaBpyhDOxCKo%2B1%2F%2F%2FlNS00qtxM%2FoeyWULrJgVJMDp9fhhN%2B8r9uRr0YbGEyizWbzxbCHTAZxKv5QH2XK7zGUnuGm2rXXQDKLlyL%2BufmM620wcd0TGwK9EWkwWWrSLFRO94zx2dS4LbLN7UBHq1zilJ%2BtAdgCuhzlroxn%2BUYyFl0YduVZw%2BmCbAudocuLj%2Fu2QAgagTJFonDA%2Fr4Ki3K37l2FbhurFBzdkEttPAMy8Dc0SmGopJLdGdvbvlEPt9A3GGgbshy%2Fzd%2FK2TVE4KrniC7hICicd974pCg%3D%3D"}
[debug] [2024-12-31T13:10:00.639Z] >>> [apiv2][query] PUT https://storage.googleapis.com/uploads-906430938237.us-central1.cloudfunctions.appspot.com/83a40c77-3eba-4b05-a181-85803079fdee.zip GoogleAccessId=service-640231718439%40gcf-admin-robot.iam.gserviceaccount.com&Expires=1735652400&Signature=Bs7IfB3abrjA0GMouhl3YAsMLt%2F5uEW4iPuFaa3GpCk4ym4h95hiaBpyhDOxCKo%2B1%2F%2F%2FlNS00qtxM%2FoeyWULrJgVJMDp9fhhN%2B8r9uRr0YbGEyizWbzxbCHTAZxKv5QH2XK7zGUnuGm2rXXQDKLlyL%2BufmM620wcd0TGwK9EWkwWWrSLFRO94zx2dS4LbLN7UBHq1zilJ%2BtAdgCuhzlroxn%2BUYyFl0YduVZw%2BmCbAudocuLj%2Fu2QAgagTJFonDA%2Fr4Ki3K37l2FbhurFBzdkEttPAMy8Dc0SmGopJLdGdvbvlEPt9A3GGgbshy%2Fzd%2FK2TVE4KrniC7hICicd974pCg%3D%3D
[debug] [2024-12-31T13:10:00.639Z] >>> [apiv2][body] PUT https://storage.googleapis.com/uploads-906430938237.us-central1.cloudfunctions.appspot.com/83a40c77-3eba-4b05-a181-85803079fdee.zip [stream]
[debug] [2024-12-31T13:10:02.529Z] <<< [apiv2][status] PUT https://storage.googleapis.com/uploads-906430938237.us-central1.cloudfunctions.appspot.com/83a40c77-3eba-4b05-a181-85803079fdee.zip 200
[debug] [2024-12-31T13:10:02.529Z] <<< [apiv2][body] PUT https://storage.googleapis.com/uploads-906430938237.us-central1.cloudfunctions.appspot.com/83a40c77-3eba-4b05-a181-85803079fdee.zip [omitted]
[info] ✔  functions: functions folder uploaded successfully 
[info] i  functions: updating Node.js 22 (1st Gen) function sendWorkoutReminders(us-central1)... 
[debug] [2024-12-31T13:10:02.536Z] Checked if tokens are valid: true, expires at: 1735652572396
[debug] [2024-12-31T13:10:02.536Z] Checked if tokens are valid: true, expires at: 1735652572396
[debug] [2024-12-31T13:10:02.536Z] >>> [apiv2][query] PATCH https://cloudfunctions.googleapis.com/v1/projects/twotwentyfive-3acb1/locations/us-central1/functions/sendWorkoutReminders updateMask=name%2CsourceUploadUrl%2CentryPoint%2Cruntime%2CdockerRegistry%2Clabels%2CeventTrigger.eventType%2CeventTrigger.resource%2CminInstances%2CmaxInstances%2CingressSettings%2CenvironmentVariables%2CserviceAccountEmail%2CavailableMemoryMb%2Ctimeout%2CvpcConnector%2CvpcConnectorEgressSettings%2CsourceToken%2CbuildEnvironmentVariables
[debug] [2024-12-31T13:10:02.537Z] >>> [apiv2][body] PATCH https://cloudfunctions.googleapis.com/v1/projects/twotwentyfive-3acb1/locations/us-central1/functions/sendWorkoutReminders {"name":"projects/twotwentyfive-3acb1/locations/us-central1/functions/sendWorkoutReminders","sourceUploadUrl":"https://storage.googleapis.com/uploads-906430938237.us-central1.cloudfunctions.appspot.com/83a40c77-3eba-4b05-a181-85803079fdee.zip?GoogleAccessId=service-640231718439@gcf-admin-robot.iam.gserviceaccount.com&Expires=1735652400&Signature=Bs7IfB3abrjA0GMouhl3YAsMLt%2F5uEW4iPuFaa3GpCk4ym4h95hiaBpyhDOxCKo%2B1%2F%2F%2FlNS00qtxM%2FoeyWULrJgVJMDp9fhhN%2B8r9uRr0YbGEyizWbzxbCHTAZxKv5QH2XK7zGUnuGm2rXXQDKLlyL%2BufmM620wcd0TGwK9EWkwWWrSLFRO94zx2dS4LbLN7UBHq1zilJ%2BtAdgCuhzlroxn%2BUYyFl0YduVZw%2BmCbAudocuLj%2Fu2QAgagTJFonDA%2Fr4Ki3K37l2FbhurFBzdkEttPAMy8Dc0SmGopJLdGdvbvlEPt9A3GGgbshy%2Fzd%2FK2TVE4KrniC7hICicd974pCg%3D%3D","entryPoint":"sendWorkoutReminders","runtime":"nodejs22","dockerRegistry":"ARTIFACT_REGISTRY","labels":{"deployment-tool":"cli-firebase","deployment-scheduled":"true","firebase-functions-hash":"721f82512fa01c490575e5bbf1279d16035865d3"},"eventTrigger":{"eventType":"google.pubsub.topic.publish","resource":"projects/twotwentyfive-3acb1/topics/firebase-schedule-sendWorkoutReminders-us-central1"},"minInstances":null,"maxInstances":null,"ingressSettings":null,"environmentVariables":{"FIREBASE_CONFIG":"{\"projectId\":\"twotwentyfive-3acb1\",\"storageBucket\":\"twotwentyfive-3acb1.firebasestorage.app\"}","GCLOUD_PROJECT":"twotwentyfive-3acb1","EVENTARC_CLOUD_EVENT_SOURCE":"projects/twotwentyfive-3acb1/locations/us-central1/functions/sendWorkoutReminders"},"serviceAccountEmail":null,"availableMemoryMb":null,"timeout":null,"vpcConnector":null,"vpcConnectorEgressSettings":null,"buildEnvironmentVariables":{"GOOGLE_NODE_RUN_SCRIPTS":""}}
[debug] [2024-12-31T13:10:03.256Z] <<< [apiv2][status] PATCH https://cloudfunctions.googleapis.com/v1/projects/twotwentyfive-3acb1/locations/us-central1/functions/sendWorkoutReminders 200
[debug] [2024-12-31T13:10:03.256Z] <<< [apiv2][body] PATCH https://cloudfunctions.googleapis.com/v1/projects/twotwentyfive-3acb1/locations/us-central1/functions/sendWorkoutReminders {"name":"operations/dHdvdHdlbnR5Zml2ZS0zYWNiMS91cy1jZW50cmFsMS9zZW5kV29ya291dFJlbWluZGVycy9ZVWpOY0JyR2s0aw","metadata":{"@type":"type.googleapis.com/google.cloud.functions.v1.OperationMetadataV1","target":"projects/twotwentyfive-3acb1/locations/us-central1/functions/sendWorkoutReminders","type":"UPDATE_FUNCTION","request":{"@type":"type.googleapis.com/google.cloud.functions.v1.CloudFunction","name":"projects/twotwentyfive-3acb1/locations/us-central1/functions/sendWorkoutReminders","eventTrigger":{"eventType":"google.pubsub.topic.publish","resource":"projects/twotwentyfive-3acb1/topics/firebase-schedule-sendWorkoutReminders-us-central1","service":"pubsub.googleapis.com","failurePolicy":{}},"status":"ACTIVE","entryPoint":"sendWorkoutReminders","updateTime":"2024-12-31T07:24:53.950Z","versionId":"2","labels":{"deployment-tool":"cli-firebase","deployment-scheduled":"true","firebase-functions-hash":"721f82512fa01c490575e5bbf1279d16035865d3"},"sourceUploadUrl":"https://storage.googleapis.com/uploads-906430938237.us-central1.cloudfunctions.appspot.com/83a40c77-3eba-4b05-a181-85803079fdee.zip?GoogleAccessId=service-640231718439@gcf-admin-robot.iam.gserviceaccount.com&Expires=1735652400&Signature=Bs7IfB3abrjA0GMouhl3YAsMLt%2F5uEW4iPuFaa3GpCk4ym4h95hiaBpyhDOxCKo%2B1%2F%2F%2FlNS00qtxM%2FoeyWULrJgVJMDp9fhhN%2B8r9uRr0YbGEyizWbzxbCHTAZxKv5QH2XK7zGUnuGm2rXXQDKLlyL%2BufmM620wcd0TGwK9EWkwWWrSLFRO94zx2dS4LbLN7UBHq1zilJ%2BtAdgCuhzlroxn%2BUYyFl0YduVZw%2BmCbAudocuLj%2Fu2QAgagTJFonDA%2Fr4Ki3K37l2FbhurFBzdkEttPAMy8Dc0SmGopJLdGdvbvlEPt9A3GGgbshy%2Fzd%2FK2TVE4KrniC7hICicd974pCg%3D%3D","environmentVariables":{"FIREBASE_CONFIG":"{\"projectId\":\"twotwentyfive-3acb1\",\"storageBucket\":\"twotwentyfive-3acb1.firebasestorage.app\"}","GCLOUD_PROJECT":"twotwentyfive-3acb1","EVENTARC_CLOUD_EVENT_SOURCE":"projects/twotwentyfive-3acb1/locations/us-central1/functions/sendWorkoutReminders"},"runtime":"nodejs22","buildId":"86625721-b576-4148-a4e6-c14968246a15","buildEnvironmentVariables":{"GOOGLE_NODE_RUN_SCRIPTS":""},"buildName":"projects/640231718439/locations/us-central1/builds/86625721-b576-4148-a4e6-c14968246a15","dockerRegistry":"ARTIFACT_REGISTRY","automaticUpdatePolicy":{},"buildServiceAccount":"projects/twotwentyfive-3acb1/serviceAccounts/640231718439-compute@developer.gserviceaccount.com"},"versionId":"6","updateTime":"2024-12-31T13:10:03Z"}}
[debug] [2024-12-31T13:10:03.257Z] Checked if tokens are valid: true, expires at: 1735652572396
[debug] [2024-12-31T13:10:03.258Z] Checked if tokens are valid: true, expires at: 1735652572396
[debug] [2024-12-31T13:10:03.258Z] >>> [apiv2][query] GET https://cloudfunctions.googleapis.com/v1/operations/dHdvdHdlbnR5Zml2ZS0zYWNiMS91cy1jZW50cmFsMS9zZW5kV29ya291dFJlbWluZGVycy9ZVWpOY0JyR2s0aw [none]
[debug] [2024-12-31T13:10:03.606Z] <<< [apiv2][status] GET https://cloudfunctions.googleapis.com/v1/operations/dHdvdHdlbnR5Zml2ZS0zYWNiMS91cy1jZW50cmFsMS9zZW5kV29ya291dFJlbWluZGVycy9ZVWpOY0JyR2s0aw 200
[debug] [2024-12-31T13:10:03.606Z] <<< [apiv2][body] GET https://cloudfunctions.googleapis.com/v1/operations/dHdvdHdlbnR5Zml2ZS0zYWNiMS91cy1jZW50cmFsMS9zZW5kV29ya291dFJlbWluZGVycy9ZVWpOY0JyR2s0aw {"name":"operations/dHdvdHdlbnR5Zml2ZS0zYWNiMS91cy1jZW50cmFsMS9zZW5kV29ya291dFJlbWluZGVycy9ZVWpOY0JyR2s0aw","metadata":{"@type":"type.googleapis.com/google.cloud.functions.v1.OperationMetadataV1","target":"projects/twotwentyfive-3acb1/locations/us-central1/functions/sendWorkoutReminders","type":"UPDATE_FUNCTION","request":{"@type":"type.googleapis.com/google.cloud.functions.v1.CloudFunction","name":"projects/twotwentyfive-3acb1/locations/us-central1/functions/sendWorkoutReminders","eventTrigger":{"eventType":"google.pubsub.topic.publish","resource":"projects/twotwentyfive-3acb1/topics/firebase-schedule-sendWorkoutReminders-us-central1","service":"pubsub.googleapis.com","failurePolicy":{}},"status":"ACTIVE","entryPoint":"sendWorkoutReminders","updateTime":"2024-12-31T07:24:53.950Z","versionId":"2","labels":{"deployment-tool":"cli-firebase","deployment-scheduled":"true","firebase-functions-hash":"721f82512fa01c490575e5bbf1279d16035865d3"},"sourceUploadUrl":"https://storage.googleapis.com/uploads-906430938237.us-central1.cloudfunctions.appspot.com/83a40c77-3eba-4b05-a181-85803079fdee.zip?GoogleAccessId=service-640231718439@gcf-admin-robot.iam.gserviceaccount.com&Expires=1735652400&Signature=Bs7IfB3abrjA0GMouhl3YAsMLt%2F5uEW4iPuFaa3GpCk4ym4h95hiaBpyhDOxCKo%2B1%2F%2F%2FlNS00qtxM%2FoeyWULrJgVJMDp9fhhN%2B8r9uRr0YbGEyizWbzxbCHTAZxKv5QH2XK7zGUnuGm2rXXQDKLlyL%2BufmM620wcd0TGwK9EWkwWWrSLFRO94zx2dS4LbLN7UBHq1zilJ%2BtAdgCuhzlroxn%2BUYyFl0YduVZw%2BmCbAudocuLj%2Fu2QAgagTJFonDA%2Fr4Ki3K37l2FbhurFBzdkEttPAMy8Dc0SmGopJLdGdvbvlEPt9A3GGgbshy%2Fzd%2FK2TVE4KrniC7hICicd974pCg%3D%3D","environmentVariables":{"FIREBASE_CONFIG":"{\"projectId\":\"twotwentyfive-3acb1\",\"storageBucket\":\"twotwentyfive-3acb1.firebasestorage.app\"}","GCLOUD_PROJECT":"twotwentyfive-3acb1","EVENTARC_CLOUD_EVENT_SOURCE":"projects/twotwentyfive-3acb1/locations/us-central1/functions/sendWorkoutReminders"},"runtime":"nodejs22","buildId":"86625721-b576-4148-a4e6-c14968246a15","buildEnvironmentVariables":{"GOOGLE_NODE_RUN_SCRIPTS":""},"buildName":"projects/640231718439/locations/us-central1/builds/86625721-b576-4148-a4e6-c14968246a15","dockerRegistry":"ARTIFACT_REGISTRY","automaticUpdatePolicy":{},"buildServiceAccount":"projects/twotwentyfive-3acb1/serviceAccounts/640231718439-compute@developer.gserviceaccount.com"},"versionId":"6","updateTime":"2024-12-31T13:10:03Z"}}
[debug] [2024-12-31T13:10:04.109Z] [update-default-us-central1-sendWorkoutReminders] Retrying task index 0
[debug] [2024-12-31T13:10:04.109Z] Checked if tokens are valid: true, expires at: 1735652572396
[debug] [2024-12-31T13:10:04.110Z] Checked if tokens are valid: true, expires at: 1735652572396
[debug] [2024-12-31T13:10:04.110Z] >>> [apiv2][query] GET https://cloudfunctions.googleapis.com/v1/operations/dHdvdHdlbnR5Zml2ZS0zYWNiMS91cy1jZW50cmFsMS9zZW5kV29ya291dFJlbWluZGVycy9ZVWpOY0JyR2s0aw [none]
[debug] [2024-12-31T13:10:04.469Z] <<< [apiv2][status] GET https://cloudfunctions.googleapis.com/v1/operations/dHdvdHdlbnR5Zml2ZS0zYWNiMS91cy1jZW50cmFsMS9zZW5kV29ya291dFJlbWluZGVycy9ZVWpOY0JyR2s0aw 200
[debug] [2024-12-31T13:10:04.469Z] <<< [apiv2][body] GET https://cloudfunctions.googleapis.com/v1/operations/dHdvdHdlbnR5Zml2ZS0zYWNiMS91cy1jZW50cmFsMS9zZW5kV29ya291dFJlbWluZGVycy9ZVWpOY0JyR2s0aw {"name":"operations/dHdvdHdlbnR5Zml2ZS0zYWNiMS91cy1jZW50cmFsMS9zZW5kV29ya291dFJlbWluZGVycy9ZVWpOY0JyR2s0aw","metadata":{"@type":"type.googleapis.com/google.cloud.functions.v1.OperationMetadataV1","target":"projects/twotwentyfive-3acb1/locations/us-central1/functions/sendWorkoutReminders","type":"UPDATE_FUNCTION","request":{"@type":"type.googleapis.com/google.cloud.functions.v1.CloudFunction","name":"projects/twotwentyfive-3acb1/locations/us-central1/functions/sendWorkoutReminders","eventTrigger":{"eventType":"google.pubsub.topic.publish","resource":"projects/twotwentyfive-3acb1/topics/firebase-schedule-sendWorkoutReminders-us-central1","service":"pubsub.googleapis.com","failurePolicy":{}},"status":"ACTIVE","entryPoint":"sendWorkoutReminders","updateTime":"2024-12-31T07:24:53.950Z","versionId":"2","labels":{"deployment-tool":"cli-firebase","deployment-scheduled":"true","firebase-functions-hash":"721f82512fa01c490575e5bbf1279d16035865d3"},"sourceUploadUrl":"https://storage.googleapis.com/uploads-906430938237.us-central1.cloudfunctions.appspot.com/83a40c77-3eba-4b05-a181-85803079fdee.zip?GoogleAccessId=service-640231718439@gcf-admin-robot.iam.gserviceaccount.com&Expires=1735652400&Signature=Bs7IfB3abrjA0GMouhl3YAsMLt%2F5uEW4iPuFaa3GpCk4ym4h95hiaBpyhDOxCKo%2B1%2F%2F%2FlNS00qtxM%2FoeyWULrJgVJMDp9fhhN%2B8r9uRr0YbGEyizWbzxbCHTAZxKv5QH2XK7zGUnuGm2rXXQDKLlyL%2BufmM620wcd0TGwK9EWkwWWrSLFRO94zx2dS4LbLN7UBHq1zilJ%2BtAdgCuhzlroxn%2BUYyFl0YduVZw%2BmCbAudocuLj%2Fu2QAgagTJFonDA%2Fr4Ki3K37l2FbhurFBzdkEttPAMy8Dc0SmGopJLdGdvbvlEPt9A3GGgbshy%2Fzd%2FK2TVE4KrniC7hICicd974pCg%3D%3D","environmentVariables":{"FIREBASE_CONFIG":"{\"projectId\":\"twotwentyfive-3acb1\",\"storageBucket\":\"twotwentyfive-3acb1.firebasestorage.app\"}","GCLOUD_PROJECT":"twotwentyfive-3acb1","EVENTARC_CLOUD_EVENT_SOURCE":"projects/twotwentyfive-3acb1/locations/us-central1/functions/sendWorkoutReminders"},"runtime":"nodejs22","buildId":"86625721-b576-4148-a4e6-c14968246a15","buildEnvironmentVariables":{"GOOGLE_NODE_RUN_SCRIPTS":""},"buildName":"projects/640231718439/locations/us-central1/builds/86625721-b576-4148-a4e6-c14968246a15","dockerRegistry":"ARTIFACT_REGISTRY","automaticUpdatePolicy":{},"buildServiceAccount":"projects/twotwentyfive-3acb1/serviceAccounts/640231718439-compute@developer.gserviceaccount.com"},"versionId":"6","updateTime":"2024-12-31T13:10:03Z","buildId":"ef8465f5-6242-4c97-813b-ad819f183640","buildName":"projects/640231718439/locations/us-central1/builds/ef8465f5-6242-4c97-813b-ad819f183640"}}
[debug] [2024-12-31T13:10:05.470Z] [update-default-us-central1-sendWorkoutReminders] Retrying task index 0
[debug] [2024-12-31T13:10:05.470Z] Checked if tokens are valid: true, expires at: 1735652572396
[debug] [2024-12-31T13:10:05.470Z] Checked if tokens are valid: true, expires at: 1735652572396
[debug] [2024-12-31T13:10:05.471Z] >>> [apiv2][query] GET https://cloudfunctions.googleapis.com/v1/operations/dHdvdHdlbnR5Zml2ZS0zYWNiMS91cy1jZW50cmFsMS9zZW5kV29ya291dFJlbWluZGVycy9ZVWpOY0JyR2s0aw [none]
[debug] [2024-12-31T13:10:05.847Z] <<< [apiv2][status] GET https://cloudfunctions.googleapis.com/v1/operations/dHdvdHdlbnR5Zml2ZS0zYWNiMS91cy1jZW50cmFsMS9zZW5kV29ya291dFJlbWluZGVycy9ZVWpOY0JyR2s0aw 200
[debug] [2024-12-31T13:10:05.847Z] <<< [apiv2][body] GET https://cloudfunctions.googleapis.com/v1/operations/dHdvdHdlbnR5Zml2ZS0zYWNiMS91cy1jZW50cmFsMS9zZW5kV29ya291dFJlbWluZGVycy9ZVWpOY0JyR2s0aw {"name":"operations/dHdvdHdlbnR5Zml2ZS0zYWNiMS91cy1jZW50cmFsMS9zZW5kV29ya291dFJlbWluZGVycy9ZVWpOY0JyR2s0aw","metadata":{"@type":"type.googleapis.com/google.cloud.functions.v1.OperationMetadataV1","target":"projects/twotwentyfive-3acb1/locations/us-central1/functions/sendWorkoutReminders","type":"UPDATE_FUNCTION","request":{"@type":"type.googleapis.com/google.cloud.functions.v1.CloudFunction","name":"projects/twotwentyfive-3acb1/locations/us-central1/functions/sendWorkoutReminders","eventTrigger":{"eventType":"google.pubsub.topic.publish","resource":"projects/twotwentyfive-3acb1/topics/firebase-schedule-sendWorkoutReminders-us-central1","service":"pubsub.googleapis.com","failurePolicy":{}},"status":"ACTIVE","entryPoint":"sendWorkoutReminders","updateTime":"2024-12-31T07:24:53.950Z","versionId":"2","labels":{"deployment-tool":"cli-firebase","deployment-scheduled":"true","firebase-functions-hash":"721f82512fa01c490575e5bbf1279d16035865d3"},"sourceUploadUrl":"https://storage.googleapis.com/uploads-906430938237.us-central1.cloudfunctions.appspot.com/83a40c77-3eba-4b05-a181-85803079fdee.zip?GoogleAccessId=service-640231718439@gcf-admin-robot.iam.gserviceaccount.com&Expires=1735652400&Signature=Bs7IfB3abrjA0GMouhl3YAsMLt%2F5uEW4iPuFaa3GpCk4ym4h95hiaBpyhDOxCKo%2B1%2F%2F%2FlNS00qtxM%2FoeyWULrJgVJMDp9fhhN%2B8r9uRr0YbGEyizWbzxbCHTAZxKv5QH2XK7zGUnuGm2rXXQDKLlyL%2BufmM620wcd0TGwK9EWkwWWrSLFRO94zx2dS4LbLN7UBHq1zilJ%2BtAdgCuhzlroxn%2BUYyFl0YduVZw%2BmCbAudocuLj%2Fu2QAgagTJFonDA%2Fr4Ki3K37l2FbhurFBzdkEttPAMy8Dc0SmGopJLdGdvbvlEPt9A3GGgbshy%2Fzd%2FK2TVE4KrniC7hICicd974pCg%3D%3D","environmentVariables":{"FIREBASE_CONFIG":"{\"projectId\":\"twotwentyfive-3acb1\",\"storageBucket\":\"twotwentyfive-3acb1.firebasestorage.app\"}","GCLOUD_PROJECT":"twotwentyfive-3acb1","EVENTARC_CLOUD_EVENT_SOURCE":"projects/twotwentyfive-3acb1/locations/us-central1/functions/sendWorkoutReminders"},"runtime":"nodejs22","buildId":"86625721-b576-4148-a4e6-c14968246a15","buildEnvironmentVariables":{"GOOGLE_NODE_RUN_SCRIPTS":""},"buildName":"projects/640231718439/locations/us-central1/builds/86625721-b576-4148-a4e6-c14968246a15","dockerRegistry":"ARTIFACT_REGISTRY","automaticUpdatePolicy":{},"buildServiceAccount":"projects/twotwentyfive-3acb1/serviceAccounts/640231718439-compute@developer.gserviceaccount.com"},"versionId":"6","updateTime":"2024-12-31T13:10:03Z","buildId":"ef8465f5-6242-4c97-813b-ad819f183640","buildName":"projects/640231718439/locations/us-central1/builds/ef8465f5-6242-4c97-813b-ad819f183640"}}
[debug] [2024-12-31T13:10:07.849Z] [update-default-us-central1-sendWorkoutReminders] Retrying task index 0
[debug] [2024-12-31T13:10:07.850Z] Checked if tokens are valid: true, expires at: 1735652572396
[debug] [2024-12-31T13:10:07.850Z] Checked if tokens are valid: true, expires at: 1735652572396
[debug] [2024-12-31T13:10:07.850Z] >>> [apiv2][query] GET https://cloudfunctions.googleapis.com/v1/operations/dHdvdHdlbnR5Zml2ZS0zYWNiMS91cy1jZW50cmFsMS9zZW5kV29ya291dFJlbWluZGVycy9ZVWpOY0JyR2s0aw [none]
[debug] [2024-12-31T13:10:08.210Z] <<< [apiv2][status] GET https://cloudfunctions.googleapis.com/v1/operations/dHdvdHdlbnR5Zml2ZS0zYWNiMS91cy1jZW50cmFsMS9zZW5kV29ya291dFJlbWluZGVycy9ZVWpOY0JyR2s0aw 200
[debug] [2024-12-31T13:10:08.210Z] <<< [apiv2][body] GET https://cloudfunctions.googleapis.com/v1/operations/dHdvdHdlbnR5Zml2ZS0zYWNiMS91cy1jZW50cmFsMS9zZW5kV29ya291dFJlbWluZGVycy9ZVWpOY0JyR2s0aw {"name":"operations/dHdvdHdlbnR5Zml2ZS0zYWNiMS91cy1jZW50cmFsMS9zZW5kV29ya291dFJlbWluZGVycy9ZVWpOY0JyR2s0aw","metadata":{"@type":"type.googleapis.com/google.cloud.functions.v1.OperationMetadataV1","target":"projects/twotwentyfive-3acb1/locations/us-central1/functions/sendWorkoutReminders","type":"UPDATE_FUNCTION","request":{"@type":"type.googleapis.com/google.cloud.functions.v1.CloudFunction","name":"projects/twotwentyfive-3acb1/locations/us-central1/functions/sendWorkoutReminders","eventTrigger":{"eventType":"google.pubsub.topic.publish","resource":"projects/twotwentyfive-3acb1/topics/firebase-schedule-sendWorkoutReminders-us-central1","service":"pubsub.googleapis.com","failurePolicy":{}},"status":"ACTIVE","entryPoint":"sendWorkoutReminders","updateTime":"2024-12-31T07:24:53.950Z","versionId":"2","labels":{"deployment-tool":"cli-firebase","deployment-scheduled":"true","firebase-functions-hash":"721f82512fa01c490575e5bbf1279d16035865d3"},"sourceUploadUrl":"https://storage.googleapis.com/uploads-906430938237.us-central1.cloudfunctions.appspot.com/83a40c77-3eba-4b05-a181-85803079fdee.zip?GoogleAccessId=service-640231718439@gcf-admin-robot.iam.gserviceaccount.com&Expires=1735652400&Signature=Bs7IfB3abrjA0GMouhl3YAsMLt%2F5uEW4iPuFaa3GpCk4ym4h95hiaBpyhDOxCKo%2B1%2F%2F%2FlNS00qtxM%2FoeyWULrJgVJMDp9fhhN%2B8r9uRr0YbGEyizWbzxbCHTAZxKv5QH2XK7zGUnuGm2rXXQDKLlyL%2BufmM620wcd0TGwK9EWkwWWrSLFRO94zx2dS4LbLN7UBHq1zilJ%2BtAdgCuhzlroxn%2BUYyFl0YduVZw%2BmCbAudocuLj%2Fu2QAgagTJFonDA%2Fr4Ki3K37l2FbhurFBzdkEttPAMy8Dc0SmGopJLdGdvbvlEPt9A3GGgbshy%2Fzd%2FK2TVE4KrniC7hICicd974pCg%3D%3D","environmentVariables":{"FIREBASE_CONFIG":"{\"projectId\":\"twotwentyfive-3acb1\",\"storageBucket\":\"twotwentyfive-3acb1.firebasestorage.app\"}","GCLOUD_PROJECT":"twotwentyfive-3acb1","EVENTARC_CLOUD_EVENT_SOURCE":"projects/twotwentyfive-3acb1/locations/us-central1/functions/sendWorkoutReminders"},"runtime":"nodejs22","buildId":"86625721-b576-4148-a4e6-c14968246a15","buildEnvironmentVariables":{"GOOGLE_NODE_RUN_SCRIPTS":""},"buildName":"projects/640231718439/locations/us-central1/builds/86625721-b576-4148-a4e6-c14968246a15","dockerRegistry":"ARTIFACT_REGISTRY","automaticUpdatePolicy":{},"buildServiceAccount":"projects/twotwentyfive-3acb1/serviceAccounts/640231718439-compute@developer.gserviceaccount.com"},"versionId":"6","updateTime":"2024-12-31T13:10:03Z","buildId":"ef8465f5-6242-4c97-813b-ad819f183640","buildName":"projects/640231718439/locations/us-central1/builds/ef8465f5-6242-4c97-813b-ad819f183640"}}
[debug] [2024-12-31T13:10:12.211Z] [update-default-us-central1-sendWorkoutReminders] Retrying task index 0
[debug] [2024-12-31T13:10:12.212Z] Checked if tokens are valid: true, expires at: 1735652572396
[debug] [2024-12-31T13:10:12.212Z] Checked if tokens are valid: true, expires at: 1735652572396
[debug] [2024-12-31T13:10:12.213Z] >>> [apiv2][query] GET https://cloudfunctions.googleapis.com/v1/operations/dHdvdHdlbnR5Zml2ZS0zYWNiMS91cy1jZW50cmFsMS9zZW5kV29ya291dFJlbWluZGVycy9ZVWpOY0JyR2s0aw [none]
[debug] [2024-12-31T13:10:12.541Z] <<< [apiv2][status] GET https://cloudfunctions.googleapis.com/v1/operations/dHdvdHdlbnR5Zml2ZS0zYWNiMS91cy1jZW50cmFsMS9zZW5kV29ya291dFJlbWluZGVycy9ZVWpOY0JyR2s0aw 200
[debug] [2024-12-31T13:10:12.542Z] <<< [apiv2][body] GET https://cloudfunctions.googleapis.com/v1/operations/dHdvdHdlbnR5Zml2ZS0zYWNiMS91cy1jZW50cmFsMS9zZW5kV29ya291dFJlbWluZGVycy9ZVWpOY0JyR2s0aw {"name":"operations/dHdvdHdlbnR5Zml2ZS0zYWNiMS91cy1jZW50cmFsMS9zZW5kV29ya291dFJlbWluZGVycy9ZVWpOY0JyR2s0aw","metadata":{"@type":"type.googleapis.com/google.cloud.functions.v1.OperationMetadataV1","target":"projects/twotwentyfive-3acb1/locations/us-central1/functions/sendWorkoutReminders","type":"UPDATE_FUNCTION","request":{"@type":"type.googleapis.com/google.cloud.functions.v1.CloudFunction","name":"projects/twotwentyfive-3acb1/locations/us-central1/functions/sendWorkoutReminders","eventTrigger":{"eventType":"google.pubsub.topic.publish","resource":"projects/twotwentyfive-3acb1/topics/firebase-schedule-sendWorkoutReminders-us-central1","service":"pubsub.googleapis.com","failurePolicy":{}},"status":"ACTIVE","entryPoint":"sendWorkoutReminders","updateTime":"2024-12-31T07:24:53.950Z","versionId":"2","labels":{"deployment-tool":"cli-firebase","deployment-scheduled":"true","firebase-functions-hash":"721f82512fa01c490575e5bbf1279d16035865d3"},"sourceUploadUrl":"https://storage.googleapis.com/uploads-906430938237.us-central1.cloudfunctions.appspot.com/83a40c77-3eba-4b05-a181-85803079fdee.zip?GoogleAccessId=service-640231718439@gcf-admin-robot.iam.gserviceaccount.com&Expires=1735652400&Signature=Bs7IfB3abrjA0GMouhl3YAsMLt%2F5uEW4iPuFaa3GpCk4ym4h95hiaBpyhDOxCKo%2B1%2F%2F%2FlNS00qtxM%2FoeyWULrJgVJMDp9fhhN%2B8r9uRr0YbGEyizWbzxbCHTAZxKv5QH2XK7zGUnuGm2rXXQDKLlyL%2BufmM620wcd0TGwK9EWkwWWrSLFRO94zx2dS4LbLN7UBHq1zilJ%2BtAdgCuhzlroxn%2BUYyFl0YduVZw%2BmCbAudocuLj%2Fu2QAgagTJFonDA%2Fr4Ki3K37l2FbhurFBzdkEttPAMy8Dc0SmGopJLdGdvbvlEPt9A3GGgbshy%2Fzd%2FK2TVE4KrniC7hICicd974pCg%3D%3D","environmentVariables":{"FIREBASE_CONFIG":"{\"projectId\":\"twotwentyfive-3acb1\",\"storageBucket\":\"twotwentyfive-3acb1.firebasestorage.app\"}","GCLOUD_PROJECT":"twotwentyfive-3acb1","EVENTARC_CLOUD_EVENT_SOURCE":"projects/twotwentyfive-3acb1/locations/us-central1/functions/sendWorkoutReminders"},"runtime":"nodejs22","buildId":"86625721-b576-4148-a4e6-c14968246a15","buildEnvironmentVariables":{"GOOGLE_NODE_RUN_SCRIPTS":""},"buildName":"projects/640231718439/locations/us-central1/builds/86625721-b576-4148-a4e6-c14968246a15","dockerRegistry":"ARTIFACT_REGISTRY","automaticUpdatePolicy":{},"buildServiceAccount":"projects/twotwentyfive-3acb1/serviceAccounts/640231718439-compute@developer.gserviceaccount.com"},"versionId":"6","updateTime":"2024-12-31T13:10:03Z","buildId":"ef8465f5-6242-4c97-813b-ad819f183640","buildName":"projects/640231718439/locations/us-central1/builds/ef8465f5-6242-4c97-813b-ad819f183640"}}
[debug] [2024-12-31T13:10:20.543Z] [update-default-us-central1-sendWorkoutReminders] Retrying task index 0
[debug] [2024-12-31T13:10:20.543Z] Checked if tokens are valid: true, expires at: 1735652572396
[debug] [2024-12-31T13:10:20.544Z] Checked if tokens are valid: true, expires at: 1735652572396
[debug] [2024-12-31T13:10:20.544Z] >>> [apiv2][query] GET https://cloudfunctions.googleapis.com/v1/operations/dHdvdHdlbnR5Zml2ZS0zYWNiMS91cy1jZW50cmFsMS9zZW5kV29ya291dFJlbWluZGVycy9ZVWpOY0JyR2s0aw [none]
[debug] [2024-12-31T13:10:22.541Z] <<< [apiv2][status] GET https://cloudfunctions.googleapis.com/v1/operations/dHdvdHdlbnR5Zml2ZS0zYWNiMS91cy1jZW50cmFsMS9zZW5kV29ya291dFJlbWluZGVycy9ZVWpOY0JyR2s0aw 200
[debug] [2024-12-31T13:10:22.542Z] <<< [apiv2][body] GET https://cloudfunctions.googleapis.com/v1/operations/dHdvdHdlbnR5Zml2ZS0zYWNiMS91cy1jZW50cmFsMS9zZW5kV29ya291dFJlbWluZGVycy9ZVWpOY0JyR2s0aw {"name":"operations/dHdvdHdlbnR5Zml2ZS0zYWNiMS91cy1jZW50cmFsMS9zZW5kV29ya291dFJlbWluZGVycy9ZVWpOY0JyR2s0aw","metadata":{"@type":"type.googleapis.com/google.cloud.functions.v1.OperationMetadataV1","target":"projects/twotwentyfive-3acb1/locations/us-central1/functions/sendWorkoutReminders","type":"UPDATE_FUNCTION","request":{"@type":"type.googleapis.com/google.cloud.functions.v1.CloudFunction","name":"projects/twotwentyfive-3acb1/locations/us-central1/functions/sendWorkoutReminders","eventTrigger":{"eventType":"google.pubsub.topic.publish","resource":"projects/twotwentyfive-3acb1/topics/firebase-schedule-sendWorkoutReminders-us-central1","service":"pubsub.googleapis.com","failurePolicy":{}},"status":"ACTIVE","entryPoint":"sendWorkoutReminders","updateTime":"2024-12-31T07:24:53.950Z","versionId":"2","labels":{"deployment-tool":"cli-firebase","deployment-scheduled":"true","firebase-functions-hash":"721f82512fa01c490575e5bbf1279d16035865d3"},"sourceUploadUrl":"https://storage.googleapis.com/uploads-906430938237.us-central1.cloudfunctions.appspot.com/83a40c77-3eba-4b05-a181-85803079fdee.zip?GoogleAccessId=service-640231718439@gcf-admin-robot.iam.gserviceaccount.com&Expires=1735652400&Signature=Bs7IfB3abrjA0GMouhl3YAsMLt%2F5uEW4iPuFaa3GpCk4ym4h95hiaBpyhDOxCKo%2B1%2F%2F%2FlNS00qtxM%2FoeyWULrJgVJMDp9fhhN%2B8r9uRr0YbGEyizWbzxbCHTAZxKv5QH2XK7zGUnuGm2rXXQDKLlyL%2BufmM620wcd0TGwK9EWkwWWrSLFRO94zx2dS4LbLN7UBHq1zilJ%2BtAdgCuhzlroxn%2BUYyFl0YduVZw%2BmCbAudocuLj%2Fu2QAgagTJFonDA%2Fr4Ki3K37l2FbhurFBzdkEttPAMy8Dc0SmGopJLdGdvbvlEPt9A3GGgbshy%2Fzd%2FK2TVE4KrniC7hICicd974pCg%3D%3D","environmentVariables":{"FIREBASE_CONFIG":"{\"projectId\":\"twotwentyfive-3acb1\",\"storageBucket\":\"twotwentyfive-3acb1.firebasestorage.app\"}","GCLOUD_PROJECT":"twotwentyfive-3acb1","EVENTARC_CLOUD_EVENT_SOURCE":"projects/twotwentyfive-3acb1/locations/us-central1/functions/sendWorkoutReminders"},"runtime":"nodejs22","buildId":"86625721-b576-4148-a4e6-c14968246a15","buildEnvironmentVariables":{"GOOGLE_NODE_RUN_SCRIPTS":""},"buildName":"projects/640231718439/locations/us-central1/builds/86625721-b576-4148-a4e6-c14968246a15","dockerRegistry":"ARTIFACT_REGISTRY","automaticUpdatePolicy":{},"buildServiceAccount":"projects/twotwentyfive-3acb1/serviceAccounts/640231718439-compute@developer.gserviceaccount.com"},"versionId":"6","updateTime":"2024-12-31T13:10:03Z","buildId":"ef8465f5-6242-4c97-813b-ad819f183640","buildName":"projects/640231718439/locations/us-central1/builds/ef8465f5-6242-4c97-813b-ad819f183640"}}
[debug] [2024-12-31T13:10:32.543Z] [update-default-us-central1-sendWorkoutReminders] Retrying task index 0
[debug] [2024-12-31T13:10:32.544Z] Checked if tokens are valid: true, expires at: 1735652572396
[debug] [2024-12-31T13:10:32.544Z] Checked if tokens are valid: true, expires at: 1735652572396
[debug] [2024-12-31T13:10:32.544Z] >>> [apiv2][query] GET https://cloudfunctions.googleapis.com/v1/operations/dHdvdHdlbnR5Zml2ZS0zYWNiMS91cy1jZW50cmFsMS9zZW5kV29ya291dFJlbWluZGVycy9ZVWpOY0JyR2s0aw [none]
[debug] [2024-12-31T13:10:34.458Z] <<< [apiv2][status] GET https://cloudfunctions.googleapis.com/v1/operations/dHdvdHdlbnR5Zml2ZS0zYWNiMS91cy1jZW50cmFsMS9zZW5kV29ya291dFJlbWluZGVycy9ZVWpOY0JyR2s0aw 200
[debug] [2024-12-31T13:10:34.459Z] <<< [apiv2][body] GET https://cloudfunctions.googleapis.com/v1/operations/dHdvdHdlbnR5Zml2ZS0zYWNiMS91cy1jZW50cmFsMS9zZW5kV29ya291dFJlbWluZGVycy9ZVWpOY0JyR2s0aw {"name":"operations/dHdvdHdlbnR5Zml2ZS0zYWNiMS91cy1jZW50cmFsMS9zZW5kV29ya291dFJlbWluZGVycy9ZVWpOY0JyR2s0aw","metadata":{"@type":"type.googleapis.com/google.cloud.functions.v1.OperationMetadataV1","target":"projects/twotwentyfive-3acb1/locations/us-central1/functions/sendWorkoutReminders","type":"UPDATE_FUNCTION","request":{"@type":"type.googleapis.com/google.cloud.functions.v1.CloudFunction","name":"projects/twotwentyfive-3acb1/locations/us-central1/functions/sendWorkoutReminders","eventTrigger":{"eventType":"google.pubsub.topic.publish","resource":"projects/twotwentyfive-3acb1/topics/firebase-schedule-sendWorkoutReminders-us-central1","service":"pubsub.googleapis.com","failurePolicy":{}},"status":"ACTIVE","entryPoint":"sendWorkoutReminders","updateTime":"2024-12-31T07:24:53.950Z","versionId":"2","labels":{"deployment-tool":"cli-firebase","deployment-scheduled":"true","firebase-functions-hash":"721f82512fa01c490575e5bbf1279d16035865d3"},"sourceUploadUrl":"https://storage.googleapis.com/uploads-906430938237.us-central1.cloudfunctions.appspot.com/83a40c77-3eba-4b05-a181-85803079fdee.zip?GoogleAccessId=service-640231718439@gcf-admin-robot.iam.gserviceaccount.com&Expires=1735652400&Signature=Bs7IfB3abrjA0GMouhl3YAsMLt%2F5uEW4iPuFaa3GpCk4ym4h95hiaBpyhDOxCKo%2B1%2F%2F%2FlNS00qtxM%2FoeyWULrJgVJMDp9fhhN%2B8r9uRr0YbGEyizWbzxbCHTAZxKv5QH2XK7zGUnuGm2rXXQDKLlyL%2BufmM620wcd0TGwK9EWkwWWrSLFRO94zx2dS4LbLN7UBHq1zilJ%2BtAdgCuhzlroxn%2BUYyFl0YduVZw%2BmCbAudocuLj%2Fu2QAgagTJFonDA%2Fr4Ki3K37l2FbhurFBzdkEttPAMy8Dc0SmGopJLdGdvbvlEPt9A3GGgbshy%2Fzd%2FK2TVE4KrniC7hICicd974pCg%3D%3D","environmentVariables":{"FIREBASE_CONFIG":"{\"projectId\":\"twotwentyfive-3acb1\",\"storageBucket\":\"twotwentyfive-3acb1.firebasestorage.app\"}","GCLOUD_PROJECT":"twotwentyfive-3acb1","EVENTARC_CLOUD_EVENT_SOURCE":"projects/twotwentyfive-3acb1/locations/us-central1/functions/sendWorkoutReminders"},"runtime":"nodejs22","buildId":"86625721-b576-4148-a4e6-c14968246a15","buildEnvironmentVariables":{"GOOGLE_NODE_RUN_SCRIPTS":""},"buildName":"projects/640231718439/locations/us-central1/builds/86625721-b576-4148-a4e6-c14968246a15","dockerRegistry":"ARTIFACT_REGISTRY","automaticUpdatePolicy":{},"buildServiceAccount":"projects/twotwentyfive-3acb1/serviceAccounts/640231718439-compute@developer.gserviceaccount.com"},"versionId":"6","updateTime":"2024-12-31T13:10:03Z","buildId":"ef8465f5-6242-4c97-813b-ad819f183640","buildName":"projects/640231718439/locations/us-central1/builds/ef8465f5-6242-4c97-813b-ad819f183640"}}
[debug] [2024-12-31T13:10:44.460Z] [update-default-us-central1-sendWorkoutReminders] Retrying task index 0
[debug] [2024-12-31T13:10:44.460Z] Checked if tokens are valid: true, expires at: 1735652572396
[debug] [2024-12-31T13:10:44.460Z] Checked if tokens are valid: true, expires at: 1735652572396
[debug] [2024-12-31T13:10:44.461Z] >>> [apiv2][query] GET https://cloudfunctions.googleapis.com/v1/operations/dHdvdHdlbnR5Zml2ZS0zYWNiMS91cy1jZW50cmFsMS9zZW5kV29ya291dFJlbWluZGVycy9ZVWpOY0JyR2s0aw [none]
[debug] [2024-12-31T13:10:45.392Z] <<< [apiv2][status] GET https://cloudfunctions.googleapis.com/v1/operations/dHdvdHdlbnR5Zml2ZS0zYWNiMS91cy1jZW50cmFsMS9zZW5kV29ya291dFJlbWluZGVycy9ZVWpOY0JyR2s0aw 200
[debug] [2024-12-31T13:10:45.393Z] <<< [apiv2][body] GET https://cloudfunctions.googleapis.com/v1/operations/dHdvdHdlbnR5Zml2ZS0zYWNiMS91cy1jZW50cmFsMS9zZW5kV29ya291dFJlbWluZGVycy9ZVWpOY0JyR2s0aw {"name":"operations/dHdvdHdlbnR5Zml2ZS0zYWNiMS91cy1jZW50cmFsMS9zZW5kV29ya291dFJlbWluZGVycy9ZVWpOY0JyR2s0aw","metadata":{"@type":"type.googleapis.com/google.cloud.functions.v1.OperationMetadataV1","target":"projects/twotwentyfive-3acb1/locations/us-central1/functions/sendWorkoutReminders","type":"UPDATE_FUNCTION","request":{"@type":"type.googleapis.com/google.cloud.functions.v1.CloudFunction","name":"projects/twotwentyfive-3acb1/locations/us-central1/functions/sendWorkoutReminders","eventTrigger":{"eventType":"google.pubsub.topic.publish","resource":"projects/twotwentyfive-3acb1/topics/firebase-schedule-sendWorkoutReminders-us-central1","service":"pubsub.googleapis.com","failurePolicy":{}},"status":"ACTIVE","entryPoint":"sendWorkoutReminders","updateTime":"2024-12-31T07:24:53.950Z","versionId":"2","labels":{"deployment-tool":"cli-firebase","deployment-scheduled":"true","firebase-functions-hash":"721f82512fa01c490575e5bbf1279d16035865d3"},"sourceUploadUrl":"https://storage.googleapis.com/uploads-906430938237.us-central1.cloudfunctions.appspot.com/83a40c77-3eba-4b05-a181-85803079fdee.zip?GoogleAccessId=service-640231718439@gcf-admin-robot.iam.gserviceaccount.com&Expires=1735652400&Signature=Bs7IfB3abrjA0GMouhl3YAsMLt%2F5uEW4iPuFaa3GpCk4ym4h95hiaBpyhDOxCKo%2B1%2F%2F%2FlNS00qtxM%2FoeyWULrJgVJMDp9fhhN%2B8r9uRr0YbGEyizWbzxbCHTAZxKv5QH2XK7zGUnuGm2rXXQDKLlyL%2BufmM620wcd0TGwK9EWkwWWrSLFRO94zx2dS4LbLN7UBHq1zilJ%2BtAdgCuhzlroxn%2BUYyFl0YduVZw%2BmCbAudocuLj%2Fu2QAgagTJFonDA%2Fr4Ki3K37l2FbhurFBzdkEttPAMy8Dc0SmGopJLdGdvbvlEPt9A3GGgbshy%2Fzd%2FK2TVE4KrniC7hICicd974pCg%3D%3D","environmentVariables":{"FIREBASE_CONFIG":"{\"projectId\":\"twotwentyfive-3acb1\",\"storageBucket\":\"twotwentyfive-3acb1.firebasestorage.app\"}","GCLOUD_PROJECT":"twotwentyfive-3acb1","EVENTARC_CLOUD_EVENT_SOURCE":"projects/twotwentyfive-3acb1/locations/us-central1/functions/sendWorkoutReminders"},"runtime":"nodejs22","buildId":"86625721-b576-4148-a4e6-c14968246a15","buildEnvironmentVariables":{"GOOGLE_NODE_RUN_SCRIPTS":""},"buildName":"projects/640231718439/locations/us-central1/builds/86625721-b576-4148-a4e6-c14968246a15","dockerRegistry":"ARTIFACT_REGISTRY","automaticUpdatePolicy":{},"buildServiceAccount":"projects/twotwentyfive-3acb1/serviceAccounts/640231718439-compute@developer.gserviceaccount.com"},"versionId":"6","updateTime":"2024-12-31T13:10:03Z","buildId":"ef8465f5-6242-4c97-813b-ad819f183640","buildName":"projects/640231718439/locations/us-central1/builds/ef8465f5-6242-4c97-813b-ad819f183640"}}
[debug] [2024-12-31T13:10:55.394Z] [update-default-us-central1-sendWorkoutReminders] Retrying task index 0
[debug] [2024-12-31T13:10:55.395Z] Checked if tokens are valid: true, expires at: 1735652572396
[debug] [2024-12-31T13:10:55.395Z] Checked if tokens are valid: true, expires at: 1735652572396
[debug] [2024-12-31T13:10:55.395Z] >>> [apiv2][query] GET https://cloudfunctions.googleapis.com/v1/operations/dHdvdHdlbnR5Zml2ZS0zYWNiMS91cy1jZW50cmFsMS9zZW5kV29ya291dFJlbWluZGVycy9ZVWpOY0JyR2s0aw [none]
[debug] [2024-12-31T13:10:57.679Z] <<< [apiv2][status] GET https://cloudfunctions.googleapis.com/v1/operations/dHdvdHdlbnR5Zml2ZS0zYWNiMS91cy1jZW50cmFsMS9zZW5kV29ya291dFJlbWluZGVycy9ZVWpOY0JyR2s0aw 200
[debug] [2024-12-31T13:10:57.679Z] <<< [apiv2][body] GET https://cloudfunctions.googleapis.com/v1/operations/dHdvdHdlbnR5Zml2ZS0zYWNiMS91cy1jZW50cmFsMS9zZW5kV29ya291dFJlbWluZGVycy9ZVWpOY0JyR2s0aw {"name":"operations/dHdvdHdlbnR5Zml2ZS0zYWNiMS91cy1jZW50cmFsMS9zZW5kV29ya291dFJlbWluZGVycy9ZVWpOY0JyR2s0aw","metadata":{"@type":"type.googleapis.com/google.cloud.functions.v1.OperationMetadataV1","target":"projects/twotwentyfive-3acb1/locations/us-central1/functions/sendWorkoutReminders","type":"UPDATE_FUNCTION","request":{"@type":"type.googleapis.com/google.cloud.functions.v1.CloudFunction","name":"projects/twotwentyfive-3acb1/locations/us-central1/functions/sendWorkoutReminders","eventTrigger":{"eventType":"google.pubsub.topic.publish","resource":"projects/twotwentyfive-3acb1/topics/firebase-schedule-sendWorkoutReminders-us-central1","service":"pubsub.googleapis.com","failurePolicy":{}},"status":"ACTIVE","entryPoint":"sendWorkoutReminders","updateTime":"2024-12-31T07:24:53.950Z","versionId":"2","labels":{"deployment-tool":"cli-firebase","deployment-scheduled":"true","firebase-functions-hash":"721f82512fa01c490575e5bbf1279d16035865d3"},"sourceUploadUrl":"https://storage.googleapis.com/uploads-906430938237.us-central1.cloudfunctions.appspot.com/83a40c77-3eba-4b05-a181-85803079fdee.zip?GoogleAccessId=service-640231718439@gcf-admin-robot.iam.gserviceaccount.com&Expires=1735652400&Signature=Bs7IfB3abrjA0GMouhl3YAsMLt%2F5uEW4iPuFaa3GpCk4ym4h95hiaBpyhDOxCKo%2B1%2F%2F%2FlNS00qtxM%2FoeyWULrJgVJMDp9fhhN%2B8r9uRr0YbGEyizWbzxbCHTAZxKv5QH2XK7zGUnuGm2rXXQDKLlyL%2BufmM620wcd0TGwK9EWkwWWrSLFRO94zx2dS4LbLN7UBHq1zilJ%2BtAdgCuhzlroxn%2BUYyFl0YduVZw%2BmCbAudocuLj%2Fu2QAgagTJFonDA%2Fr4Ki3K37l2FbhurFBzdkEttPAMy8Dc0SmGopJLdGdvbvlEPt9A3GGgbshy%2Fzd%2FK2TVE4KrniC7hICicd974pCg%3D%3D","environmentVariables":{"FIREBASE_CONFIG":"{\"projectId\":\"twotwentyfive-3acb1\",\"storageBucket\":\"twotwentyfive-3acb1.firebasestorage.app\"}","GCLOUD_PROJECT":"twotwentyfive-3acb1","EVENTARC_CLOUD_EVENT_SOURCE":"projects/twotwentyfive-3acb1/locations/us-central1/functions/sendWorkoutReminders"},"runtime":"nodejs22","buildId":"86625721-b576-4148-a4e6-c14968246a15","buildEnvironmentVariables":{"GOOGLE_NODE_RUN_SCRIPTS":""},"buildName":"projects/640231718439/locations/us-central1/builds/86625721-b576-4148-a4e6-c14968246a15","dockerRegistry":"ARTIFACT_REGISTRY","automaticUpdatePolicy":{},"buildServiceAccount":"projects/twotwentyfive-3acb1/serviceAccounts/640231718439-compute@developer.gserviceaccount.com"},"versionId":"6","updateTime":"2024-12-31T13:10:03Z","buildId":"ef8465f5-6242-4c97-813b-ad819f183640","buildName":"projects/640231718439/locations/us-central1/builds/ef8465f5-6242-4c97-813b-ad819f183640"}}
[debug] [2024-12-31T13:11:07.681Z] [update-default-us-central1-sendWorkoutReminders] Retrying task index 0
[debug] [2024-12-31T13:11:07.681Z] Checked if tokens are valid: true, expires at: 1735652572396
[debug] [2024-12-31T13:11:07.681Z] Checked if tokens are valid: true, expires at: 1735652572396
[debug] [2024-12-31T13:11:07.682Z] >>> [apiv2][query] GET https://cloudfunctions.googleapis.com/v1/operations/dHdvdHdlbnR5Zml2ZS0zYWNiMS91cy1jZW50cmFsMS9zZW5kV29ya291dFJlbWluZGVycy9ZVWpOY0JyR2s0aw [none]
[debug] [2024-12-31T13:11:09.825Z] <<< [apiv2][status] GET https://cloudfunctions.googleapis.com/v1/operations/dHdvdHdlbnR5Zml2ZS0zYWNiMS91cy1jZW50cmFsMS9zZW5kV29ya291dFJlbWluZGVycy9ZVWpOY0JyR2s0aw 200
[debug] [2024-12-31T13:11:09.825Z] <<< [apiv2][body] GET https://cloudfunctions.googleapis.com/v1/operations/dHdvdHdlbnR5Zml2ZS0zYWNiMS91cy1jZW50cmFsMS9zZW5kV29ya291dFJlbWluZGVycy9ZVWpOY0JyR2s0aw {"name":"operations/dHdvdHdlbnR5Zml2ZS0zYWNiMS91cy1jZW50cmFsMS9zZW5kV29ya291dFJlbWluZGVycy9ZVWpOY0JyR2s0aw","metadata":{"@type":"type.googleapis.com/google.cloud.functions.v1.OperationMetadataV1","target":"projects/twotwentyfive-3acb1/locations/us-central1/functions/sendWorkoutReminders","type":"UPDATE_FUNCTION","request":{"@type":"type.googleapis.com/google.cloud.functions.v1.CloudFunction","name":"projects/twotwentyfive-3acb1/locations/us-central1/functions/sendWorkoutReminders","eventTrigger":{"eventType":"google.pubsub.topic.publish","resource":"projects/twotwentyfive-3acb1/topics/firebase-schedule-sendWorkoutReminders-us-central1","service":"pubsub.googleapis.com","failurePolicy":{}},"status":"ACTIVE","entryPoint":"sendWorkoutReminders","updateTime":"2024-12-31T07:24:53.950Z","versionId":"2","labels":{"deployment-tool":"cli-firebase","deployment-scheduled":"true","firebase-functions-hash":"721f82512fa01c490575e5bbf1279d16035865d3"},"sourceUploadUrl":"https://storage.googleapis.com/uploads-906430938237.us-central1.cloudfunctions.appspot.com/83a40c77-3eba-4b05-a181-85803079fdee.zip?GoogleAccessId=service-640231718439@gcf-admin-robot.iam.gserviceaccount.com&Expires=1735652400&Signature=Bs7IfB3abrjA0GMouhl3YAsMLt%2F5uEW4iPuFaa3GpCk4ym4h95hiaBpyhDOxCKo%2B1%2F%2F%2FlNS00qtxM%2FoeyWULrJgVJMDp9fhhN%2B8r9uRr0YbGEyizWbzxbCHTAZxKv5QH2XK7zGUnuGm2rXXQDKLlyL%2BufmM620wcd0TGwK9EWkwWWrSLFRO94zx2dS4LbLN7UBHq1zilJ%2BtAdgCuhzlroxn%2BUYyFl0YduVZw%2BmCbAudocuLj%2Fu2QAgagTJFonDA%2Fr4Ki3K37l2FbhurFBzdkEttPAMy8Dc0SmGopJLdGdvbvlEPt9A3GGgbshy%2Fzd%2FK2TVE4KrniC7hICicd974pCg%3D%3D","environmentVariables":{"FIREBASE_CONFIG":"{\"projectId\":\"twotwentyfive-3acb1\",\"storageBucket\":\"twotwentyfive-3acb1.firebasestorage.app\"}","GCLOUD_PROJECT":"twotwentyfive-3acb1","EVENTARC_CLOUD_EVENT_SOURCE":"projects/twotwentyfive-3acb1/locations/us-central1/functions/sendWorkoutReminders"},"runtime":"nodejs22","buildId":"86625721-b576-4148-a4e6-c14968246a15","buildEnvironmentVariables":{"GOOGLE_NODE_RUN_SCRIPTS":""},"buildName":"projects/640231718439/locations/us-central1/builds/86625721-b576-4148-a4e6-c14968246a15","dockerRegistry":"ARTIFACT_REGISTRY","automaticUpdatePolicy":{},"buildServiceAccount":"projects/twotwentyfive-3acb1/serviceAccounts/640231718439-compute@developer.gserviceaccount.com"},"versionId":"6","updateTime":"2024-12-31T13:10:03Z","buildId":"ef8465f5-6242-4c97-813b-ad819f183640","buildName":"projects/640231718439/locations/us-central1/builds/ef8465f5-6242-4c97-813b-ad819f183640"}}
[debug] [2024-12-31T13:11:19.826Z] [update-default-us-central1-sendWorkoutReminders] Retrying task index 0
[debug] [2024-12-31T13:11:19.826Z] Checked if tokens are valid: true, expires at: 1735652572396
[debug] [2024-12-31T13:11:19.826Z] Checked if tokens are valid: true, expires at: 1735652572396
[debug] [2024-12-31T13:11:19.826Z] >>> [apiv2][query] GET https://cloudfunctions.googleapis.com/v1/operations/dHdvdHdlbnR5Zml2ZS0zYWNiMS91cy1jZW50cmFsMS9zZW5kV29ya291dFJlbWluZGVycy9ZVWpOY0JyR2s0aw [none]
[debug] [2024-12-31T13:11:21.281Z] <<< [apiv2][status] GET https://cloudfunctions.googleapis.com/v1/operations/dHdvdHdlbnR5Zml2ZS0zYWNiMS91cy1jZW50cmFsMS9zZW5kV29ya291dFJlbWluZGVycy9ZVWpOY0JyR2s0aw 200
[debug] [2024-12-31T13:11:21.281Z] <<< [apiv2][body] GET https://cloudfunctions.googleapis.com/v1/operations/dHdvdHdlbnR5Zml2ZS0zYWNiMS91cy1jZW50cmFsMS9zZW5kV29ya291dFJlbWluZGVycy9ZVWpOY0JyR2s0aw {"name":"operations/dHdvdHdlbnR5Zml2ZS0zYWNiMS91cy1jZW50cmFsMS9zZW5kV29ya291dFJlbWluZGVycy9ZVWpOY0JyR2s0aw","metadata":{"@type":"type.googleapis.com/google.cloud.functions.v1.OperationMetadataV1","target":"projects/twotwentyfive-3acb1/locations/us-central1/functions/sendWorkoutReminders","type":"UPDATE_FUNCTION","request":{"@type":"type.googleapis.com/google.cloud.functions.v1.CloudFunction","name":"projects/twotwentyfive-3acb1/locations/us-central1/functions/sendWorkoutReminders","eventTrigger":{"eventType":"google.pubsub.topic.publish","resource":"projects/twotwentyfive-3acb1/topics/firebase-schedule-sendWorkoutReminders-us-central1","service":"pubsub.googleapis.com","failurePolicy":{}},"status":"ACTIVE","entryPoint":"sendWorkoutReminders","updateTime":"2024-12-31T07:24:53.950Z","versionId":"2","labels":{"deployment-tool":"cli-firebase","deployment-scheduled":"true","firebase-functions-hash":"721f82512fa01c490575e5bbf1279d16035865d3"},"sourceUploadUrl":"https://storage.googleapis.com/uploads-906430938237.us-central1.cloudfunctions.appspot.com/83a40c77-3eba-4b05-a181-85803079fdee.zip?GoogleAccessId=service-640231718439@gcf-admin-robot.iam.gserviceaccount.com&Expires=1735652400&Signature=Bs7IfB3abrjA0GMouhl3YAsMLt%2F5uEW4iPuFaa3GpCk4ym4h95hiaBpyhDOxCKo%2B1%2F%2F%2FlNS00qtxM%2FoeyWULrJgVJMDp9fhhN%2B8r9uRr0YbGEyizWbzxbCHTAZxKv5QH2XK7zGUnuGm2rXXQDKLlyL%2BufmM620wcd0TGwK9EWkwWWrSLFRO94zx2dS4LbLN7UBHq1zilJ%2BtAdgCuhzlroxn%2BUYyFl0YduVZw%2BmCbAudocuLj%2Fu2QAgagTJFonDA%2Fr4Ki3K37l2FbhurFBzdkEttPAMy8Dc0SmGopJLdGdvbvlEPt9A3GGgbshy%2Fzd%2FK2TVE4KrniC7hICicd974pCg%3D%3D","environmentVariables":{"FIREBASE_CONFIG":"{\"projectId\":\"twotwentyfive-3acb1\",\"storageBucket\":\"twotwentyfive-3acb1.firebasestorage.app\"}","GCLOUD_PROJECT":"twotwentyfive-3acb1","EVENTARC_CLOUD_EVENT_SOURCE":"projects/twotwentyfive-3acb1/locations/us-central1/functions/sendWorkoutReminders"},"runtime":"nodejs22","buildId":"86625721-b576-4148-a4e6-c14968246a15","buildEnvironmentVariables":{"GOOGLE_NODE_RUN_SCRIPTS":""},"buildName":"projects/640231718439/locations/us-central1/builds/86625721-b576-4148-a4e6-c14968246a15","dockerRegistry":"ARTIFACT_REGISTRY","automaticUpdatePolicy":{},"buildServiceAccount":"projects/twotwentyfive-3acb1/serviceAccounts/640231718439-compute@developer.gserviceaccount.com"},"versionId":"6","updateTime":"2024-12-31T13:10:03Z","buildId":"ef8465f5-6242-4c97-813b-ad819f183640","buildName":"projects/640231718439/locations/us-central1/builds/ef8465f5-6242-4c97-813b-ad819f183640"}}
[debug] [2024-12-31T13:11:31.282Z] [update-default-us-central1-sendWorkoutReminders] Retrying task index 0
[debug] [2024-12-31T13:11:31.282Z] Checked if tokens are valid: true, expires at: 1735652572396
[debug] [2024-12-31T13:11:31.283Z] Checked if tokens are valid: true, expires at: 1735652572396
[debug] [2024-12-31T13:11:31.283Z] >>> [apiv2][query] GET https://cloudfunctions.googleapis.com/v1/operations/dHdvdHdlbnR5Zml2ZS0zYWNiMS91cy1jZW50cmFsMS9zZW5kV29ya291dFJlbWluZGVycy9ZVWpOY0JyR2s0aw [none]
[debug] [2024-12-31T13:11:32.742Z] <<< [apiv2][status] GET https://cloudfunctions.googleapis.com/v1/operations/dHdvdHdlbnR5Zml2ZS0zYWNiMS91cy1jZW50cmFsMS9zZW5kV29ya291dFJlbWluZGVycy9ZVWpOY0JyR2s0aw 200
[debug] [2024-12-31T13:11:32.742Z] <<< [apiv2][body] GET https://cloudfunctions.googleapis.com/v1/operations/dHdvdHdlbnR5Zml2ZS0zYWNiMS91cy1jZW50cmFsMS9zZW5kV29ya291dFJlbWluZGVycy9ZVWpOY0JyR2s0aw {"name":"operations/dHdvdHdlbnR5Zml2ZS0zYWNiMS91cy1jZW50cmFsMS9zZW5kV29ya291dFJlbWluZGVycy9ZVWpOY0JyR2s0aw","metadata":{"@type":"type.googleapis.com/google.cloud.functions.v1.OperationMetadataV1","target":"projects/twotwentyfive-3acb1/locations/us-central1/functions/sendWorkoutReminders","type":"UPDATE_FUNCTION","request":{"@type":"type.googleapis.com/google.cloud.functions.v1.CloudFunction","name":"projects/twotwentyfive-3acb1/locations/us-central1/functions/sendWorkoutReminders","eventTrigger":{"eventType":"google.pubsub.topic.publish","resource":"projects/twotwentyfive-3acb1/topics/firebase-schedule-sendWorkoutReminders-us-central1","service":"pubsub.googleapis.com","failurePolicy":{}},"status":"ACTIVE","entryPoint":"sendWorkoutReminders","updateTime":"2024-12-31T07:24:53.950Z","versionId":"2","labels":{"deployment-tool":"cli-firebase","deployment-scheduled":"true","firebase-functions-hash":"721f82512fa01c490575e5bbf1279d16035865d3"},"sourceUploadUrl":"https://storage.googleapis.com/uploads-906430938237.us-central1.cloudfunctions.appspot.com/83a40c77-3eba-4b05-a181-85803079fdee.zip?GoogleAccessId=service-640231718439@gcf-admin-robot.iam.gserviceaccount.com&Expires=1735652400&Signature=Bs7IfB3abrjA0GMouhl3YAsMLt%2F5uEW4iPuFaa3GpCk4ym4h95hiaBpyhDOxCKo%2B1%2F%2F%2FlNS00qtxM%2FoeyWULrJgVJMDp9fhhN%2B8r9uRr0YbGEyizWbzxbCHTAZxKv5QH2XK7zGUnuGm2rXXQDKLlyL%2BufmM620wcd0TGwK9EWkwWWrSLFRO94zx2dS4LbLN7UBHq1zilJ%2BtAdgCuhzlroxn%2BUYyFl0YduVZw%2BmCbAudocuLj%2Fu2QAgagTJFonDA%2Fr4Ki3K37l2FbhurFBzdkEttPAMy8Dc0SmGopJLdGdvbvlEPt9A3GGgbshy%2Fzd%2FK2TVE4KrniC7hICicd974pCg%3D%3D","environmentVariables":{"FIREBASE_CONFIG":"{\"projectId\":\"twotwentyfive-3acb1\",\"storageBucket\":\"twotwentyfive-3acb1.firebasestorage.app\"}","GCLOUD_PROJECT":"twotwentyfive-3acb1","EVENTARC_CLOUD_EVENT_SOURCE":"projects/twotwentyfive-3acb1/locations/us-central1/functions/sendWorkoutReminders"},"runtime":"nodejs22","buildId":"86625721-b576-4148-a4e6-c14968246a15","buildEnvironmentVariables":{"GOOGLE_NODE_RUN_SCRIPTS":""},"buildName":"projects/640231718439/locations/us-central1/builds/86625721-b576-4148-a4e6-c14968246a15","dockerRegistry":"ARTIFACT_REGISTRY","automaticUpdatePolicy":{},"buildServiceAccount":"projects/twotwentyfive-3acb1/serviceAccounts/640231718439-compute@developer.gserviceaccount.com"},"versionId":"6","updateTime":"2024-12-31T13:10:03Z","buildId":"ef8465f5-6242-4c97-813b-ad819f183640","sourceToken":"964944ad-dde2-4f93-9f53-449e03fd08ba","buildName":"projects/640231718439/locations/us-central1/builds/ef8465f5-6242-4c97-813b-ad819f183640"}}
[debug] [2024-12-31T13:11:32.742Z] Got source token 964944ad-dde2-4f93-9f53-449e03fd08ba for region us-central1
[debug] [2024-12-31T13:11:42.743Z] [update-default-us-central1-sendWorkoutReminders] Retrying task index 0
[debug] [2024-12-31T13:11:42.743Z] Checked if tokens are valid: true, expires at: 1735652572396
[debug] [2024-12-31T13:11:42.743Z] Checked if tokens are valid: true, expires at: 1735652572396
[debug] [2024-12-31T13:11:42.744Z] >>> [apiv2][query] GET https://cloudfunctions.googleapis.com/v1/operations/dHdvdHdlbnR5Zml2ZS0zYWNiMS91cy1jZW50cmFsMS9zZW5kV29ya291dFJlbWluZGVycy9ZVWpOY0JyR2s0aw [none]
[debug] [2024-12-31T13:11:44.244Z] <<< [apiv2][status] GET https://cloudfunctions.googleapis.com/v1/operations/dHdvdHdlbnR5Zml2ZS0zYWNiMS91cy1jZW50cmFsMS9zZW5kV29ya291dFJlbWluZGVycy9ZVWpOY0JyR2s0aw 200
[debug] [2024-12-31T13:11:44.245Z] <<< [apiv2][body] GET https://cloudfunctions.googleapis.com/v1/operations/dHdvdHdlbnR5Zml2ZS0zYWNiMS91cy1jZW50cmFsMS9zZW5kV29ya291dFJlbWluZGVycy9ZVWpOY0JyR2s0aw {"name":"operations/dHdvdHdlbnR5Zml2ZS0zYWNiMS91cy1jZW50cmFsMS9zZW5kV29ya291dFJlbWluZGVycy9ZVWpOY0JyR2s0aw","metadata":{"@type":"type.googleapis.com/google.cloud.functions.v1.OperationMetadataV1","target":"projects/twotwentyfive-3acb1/locations/us-central1/functions/sendWorkoutReminders","type":"UPDATE_FUNCTION","request":{"@type":"type.googleapis.com/google.cloud.functions.v1.CloudFunction","name":"projects/twotwentyfive-3acb1/locations/us-central1/functions/sendWorkoutReminders","eventTrigger":{"eventType":"google.pubsub.topic.publish","resource":"projects/twotwentyfive-3acb1/topics/firebase-schedule-sendWorkoutReminders-us-central1","service":"pubsub.googleapis.com","failurePolicy":{}},"status":"ACTIVE","entryPoint":"sendWorkoutReminders","updateTime":"2024-12-31T07:24:53.950Z","versionId":"2","labels":{"deployment-tool":"cli-firebase","deployment-scheduled":"true","firebase-functions-hash":"721f82512fa01c490575e5bbf1279d16035865d3"},"sourceUploadUrl":"https://storage.googleapis.com/uploads-906430938237.us-central1.cloudfunctions.appspot.com/83a40c77-3eba-4b05-a181-85803079fdee.zip?GoogleAccessId=service-640231718439@gcf-admin-robot.iam.gserviceaccount.com&Expires=1735652400&Signature=Bs7IfB3abrjA0GMouhl3YAsMLt%2F5uEW4iPuFaa3GpCk4ym4h95hiaBpyhDOxCKo%2B1%2F%2F%2FlNS00qtxM%2FoeyWULrJgVJMDp9fhhN%2B8r9uRr0YbGEyizWbzxbCHTAZxKv5QH2XK7zGUnuGm2rXXQDKLlyL%2BufmM620wcd0TGwK9EWkwWWrSLFRO94zx2dS4LbLN7UBHq1zilJ%2BtAdgCuhzlroxn%2BUYyFl0YduVZw%2BmCbAudocuLj%2Fu2QAgagTJFonDA%2Fr4Ki3K37l2FbhurFBzdkEttPAMy8Dc0SmGopJLdGdvbvlEPt9A3GGgbshy%2Fzd%2FK2TVE4KrniC7hICicd974pCg%3D%3D","environmentVariables":{"FIREBASE_CONFIG":"{\"projectId\":\"twotwentyfive-3acb1\",\"storageBucket\":\"twotwentyfive-3acb1.firebasestorage.app\"}","GCLOUD_PROJECT":"twotwentyfive-3acb1","EVENTARC_CLOUD_EVENT_SOURCE":"projects/twotwentyfive-3acb1/locations/us-central1/functions/sendWorkoutReminders"},"runtime":"nodejs22","buildId":"86625721-b576-4148-a4e6-c14968246a15","buildEnvironmentVariables":{"GOOGLE_NODE_RUN_SCRIPTS":""},"buildName":"projects/640231718439/locations/us-central1/builds/86625721-b576-4148-a4e6-c14968246a15","dockerRegistry":"ARTIFACT_REGISTRY","automaticUpdatePolicy":{},"buildServiceAccount":"projects/twotwentyfive-3acb1/serviceAccounts/640231718439-compute@developer.gserviceaccount.com"},"versionId":"6","updateTime":"2024-12-31T13:10:03Z","buildId":"ef8465f5-6242-4c97-813b-ad819f183640","sourceToken":"964944ad-dde2-4f93-9f53-449e03fd08ba","buildName":"projects/640231718439/locations/us-central1/builds/ef8465f5-6242-4c97-813b-ad819f183640"}}
[debug] [2024-12-31T13:11:44.245Z] Got source token 964944ad-dde2-4f93-9f53-449e03fd08ba for region us-central1
[debug] [2024-12-31T13:11:54.246Z] [update-default-us-central1-sendWorkoutReminders] Retrying task index 0
[debug] [2024-12-31T13:11:54.247Z] Checked if tokens are valid: true, expires at: 1735652572396
[debug] [2024-12-31T13:11:54.247Z] Checked if tokens are valid: true, expires at: 1735652572396
[debug] [2024-12-31T13:11:54.247Z] >>> [apiv2][query] GET https://cloudfunctions.googleapis.com/v1/operations/dHdvdHdlbnR5Zml2ZS0zYWNiMS91cy1jZW50cmFsMS9zZW5kV29ya291dFJlbWluZGVycy9ZVWpOY0JyR2s0aw [none]
[debug] [2024-12-31T13:11:55.702Z] <<< [apiv2][status] GET https://cloudfunctions.googleapis.com/v1/operations/dHdvdHdlbnR5Zml2ZS0zYWNiMS91cy1jZW50cmFsMS9zZW5kV29ya291dFJlbWluZGVycy9ZVWpOY0JyR2s0aw 200
[debug] [2024-12-31T13:11:55.702Z] <<< [apiv2][body] GET https://cloudfunctions.googleapis.com/v1/operations/dHdvdHdlbnR5Zml2ZS0zYWNiMS91cy1jZW50cmFsMS9zZW5kV29ya291dFJlbWluZGVycy9ZVWpOY0JyR2s0aw {"name":"operations/dHdvdHdlbnR5Zml2ZS0zYWNiMS91cy1jZW50cmFsMS9zZW5kV29ya291dFJlbWluZGVycy9ZVWpOY0JyR2s0aw","metadata":{"@type":"type.googleapis.com/google.cloud.functions.v1.OperationMetadataV1","target":"projects/twotwentyfive-3acb1/locations/us-central1/functions/sendWorkoutReminders","type":"UPDATE_FUNCTION","request":{"@type":"type.googleapis.com/google.cloud.functions.v1.CloudFunction","name":"projects/twotwentyfive-3acb1/locations/us-central1/functions/sendWorkoutReminders","eventTrigger":{"eventType":"google.pubsub.topic.publish","resource":"projects/twotwentyfive-3acb1/topics/firebase-schedule-sendWorkoutReminders-us-central1","service":"pubsub.googleapis.com","failurePolicy":{}},"status":"ACTIVE","entryPoint":"sendWorkoutReminders","updateTime":"2024-12-31T07:24:53.950Z","versionId":"2","labels":{"deployment-tool":"cli-firebase","deployment-scheduled":"true","firebase-functions-hash":"721f82512fa01c490575e5bbf1279d16035865d3"},"sourceUploadUrl":"https://storage.googleapis.com/uploads-906430938237.us-central1.cloudfunctions.appspot.com/83a40c77-3eba-4b05-a181-85803079fdee.zip?GoogleAccessId=service-640231718439@gcf-admin-robot.iam.gserviceaccount.com&Expires=1735652400&Signature=Bs7IfB3abrjA0GMouhl3YAsMLt%2F5uEW4iPuFaa3GpCk4ym4h95hiaBpyhDOxCKo%2B1%2F%2F%2FlNS00qtxM%2FoeyWULrJgVJMDp9fhhN%2B8r9uRr0YbGEyizWbzxbCHTAZxKv5QH2XK7zGUnuGm2rXXQDKLlyL%2BufmM620wcd0TGwK9EWkwWWrSLFRO94zx2dS4LbLN7UBHq1zilJ%2BtAdgCuhzlroxn%2BUYyFl0YduVZw%2BmCbAudocuLj%2Fu2QAgagTJFonDA%2Fr4Ki3K37l2FbhurFBzdkEttPAMy8Dc0SmGopJLdGdvbvlEPt9A3GGgbshy%2Fzd%2FK2TVE4KrniC7hICicd974pCg%3D%3D","environmentVariables":{"FIREBASE_CONFIG":"{\"projectId\":\"twotwentyfive-3acb1\",\"storageBucket\":\"twotwentyfive-3acb1.firebasestorage.app\"}","GCLOUD_PROJECT":"twotwentyfive-3acb1","EVENTARC_CLOUD_EVENT_SOURCE":"projects/twotwentyfive-3acb1/locations/us-central1/functions/sendWorkoutReminders"},"runtime":"nodejs22","buildId":"86625721-b576-4148-a4e6-c14968246a15","buildEnvironmentVariables":{"GOOGLE_NODE_RUN_SCRIPTS":""},"buildName":"projects/640231718439/locations/us-central1/builds/86625721-b576-4148-a4e6-c14968246a15","dockerRegistry":"ARTIFACT_REGISTRY","automaticUpdatePolicy":{},"buildServiceAccount":"projects/twotwentyfive-3acb1/serviceAccounts/640231718439-compute@developer.gserviceaccount.com"},"versionId":"6","updateTime":"2024-12-31T13:10:03Z","buildId":"ef8465f5-6242-4c97-813b-ad819f183640","sourceToken":"964944ad-dde2-4f93-9f53-449e03fd08ba","buildName":"projects/640231718439/locations/us-central1/builds/ef8465f5-6242-4c97-813b-ad819f183640"}}
[debug] [2024-12-31T13:11:55.703Z] Got source token 964944ad-dde2-4f93-9f53-449e03fd08ba for region us-central1
[debug] [2024-12-31T13:12:05.703Z] [update-default-us-central1-sendWorkoutReminders] Retrying task index 0
[debug] [2024-12-31T13:12:05.705Z] Checked if tokens are valid: true, expires at: 1735652572396
[debug] [2024-12-31T13:12:05.705Z] Checked if tokens are valid: true, expires at: 1735652572396
[debug] [2024-12-31T13:12:05.705Z] >>> [apiv2][query] GET https://cloudfunctions.googleapis.com/v1/operations/dHdvdHdlbnR5Zml2ZS0zYWNiMS91cy1jZW50cmFsMS9zZW5kV29ya291dFJlbWluZGVycy9ZVWpOY0JyR2s0aw [none]
[debug] [2024-12-31T13:12:09.330Z] <<< [apiv2][status] GET https://cloudfunctions.googleapis.com/v1/operations/dHdvdHdlbnR5Zml2ZS0zYWNiMS91cy1jZW50cmFsMS9zZW5kV29ya291dFJlbWluZGVycy9ZVWpOY0JyR2s0aw 200
[debug] [2024-12-31T13:12:09.330Z] <<< [apiv2][body] GET https://cloudfunctions.googleapis.com/v1/operations/dHdvdHdlbnR5Zml2ZS0zYWNiMS91cy1jZW50cmFsMS9zZW5kV29ya291dFJlbWluZGVycy9ZVWpOY0JyR2s0aw {"name":"operations/dHdvdHdlbnR5Zml2ZS0zYWNiMS91cy1jZW50cmFsMS9zZW5kV29ya291dFJlbWluZGVycy9ZVWpOY0JyR2s0aw","metadata":{"@type":"type.googleapis.com/google.cloud.functions.v1.OperationMetadataV1","target":"projects/twotwentyfive-3acb1/locations/us-central1/functions/sendWorkoutReminders","type":"UPDATE_FUNCTION","request":{"@type":"type.googleapis.com/google.cloud.functions.v1.CloudFunction","name":"projects/twotwentyfive-3acb1/locations/us-central1/functions/sendWorkoutReminders","eventTrigger":{"eventType":"google.pubsub.topic.publish","resource":"projects/twotwentyfive-3acb1/topics/firebase-schedule-sendWorkoutReminders-us-central1","service":"pubsub.googleapis.com","failurePolicy":{}},"status":"ACTIVE","entryPoint":"sendWorkoutReminders","updateTime":"2024-12-31T07:24:53.950Z","versionId":"2","labels":{"deployment-tool":"cli-firebase","deployment-scheduled":"true","firebase-functions-hash":"721f82512fa01c490575e5bbf1279d16035865d3"},"sourceUploadUrl":"https://storage.googleapis.com/uploads-906430938237.us-central1.cloudfunctions.appspot.com/83a40c77-3eba-4b05-a181-85803079fdee.zip?GoogleAccessId=service-640231718439@gcf-admin-robot.iam.gserviceaccount.com&Expires=1735652400&Signature=Bs7IfB3abrjA0GMouhl3YAsMLt%2F5uEW4iPuFaa3GpCk4ym4h95hiaBpyhDOxCKo%2B1%2F%2F%2FlNS00qtxM%2FoeyWULrJgVJMDp9fhhN%2B8r9uRr0YbGEyizWbzxbCHTAZxKv5QH2XK7zGUnuGm2rXXQDKLlyL%2BufmM620wcd0TGwK9EWkwWWrSLFRO94zx2dS4LbLN7UBHq1zilJ%2BtAdgCuhzlroxn%2BUYyFl0YduVZw%2BmCbAudocuLj%2Fu2QAgagTJFonDA%2Fr4Ki3K37l2FbhurFBzdkEttPAMy8Dc0SmGopJLdGdvbvlEPt9A3GGgbshy%2Fzd%2FK2TVE4KrniC7hICicd974pCg%3D%3D","environmentVariables":{"FIREBASE_CONFIG":"{\"projectId\":\"twotwentyfive-3acb1\",\"storageBucket\":\"twotwentyfive-3acb1.firebasestorage.app\"}","GCLOUD_PROJECT":"twotwentyfive-3acb1","EVENTARC_CLOUD_EVENT_SOURCE":"projects/twotwentyfive-3acb1/locations/us-central1/functions/sendWorkoutReminders"},"runtime":"nodejs22","buildId":"86625721-b576-4148-a4e6-c14968246a15","buildEnvironmentVariables":{"GOOGLE_NODE_RUN_SCRIPTS":""},"buildName":"projects/640231718439/locations/us-central1/builds/86625721-b576-4148-a4e6-c14968246a15","dockerRegistry":"ARTIFACT_REGISTRY","automaticUpdatePolicy":{},"buildServiceAccount":"projects/twotwentyfive-3acb1/serviceAccounts/640231718439-compute@developer.gserviceaccount.com"},"versionId":"6","updateTime":"2024-12-31T13:11:59Z","buildId":"ef8465f5-6242-4c97-813b-ad819f183640","sourceToken":"964944ad-dde2-4f93-9f53-449e03fd08ba","buildName":"projects/640231718439/locations/us-central1/builds/ef8465f5-6242-4c97-813b-ad819f183640"},"done":true,"error":{"code":3,"message":"Function failed on loading user code. This is likely due to a bug in the user code. Error message: Provided module can't be loaded.\nDid you list all required modules in the package.json dependencies?\nDetailed stack trace: Error: Cannot find module 'axios'\nRequire stack:\n- /workspace/index.js\n- /layers/google.nodejs.functions-framework/functions-framework/node_modules/@google-cloud/functions-framework/build/src/loader.js\n- /layers/google.nodejs.functions-framework/functions-framework/node_modules/@google-cloud/functions-framework/build/src/main.js\n    at Function._resolveFilename (node:internal/modules/cjs/loader:1249:15)\n    at Function._load (node:internal/modules/cjs/loader:1075:27)\n    at TracingChannel.traceSync (node:diagnostics_channel:322:14)\n    at wrapModuleLoad (node:internal/modules/cjs/loader:219:24)\n    at Module.require (node:internal/modules/cjs/loader:1340:12)\n    at require (node:internal/modules/helpers:138:16)\n    at Object.<anonymous> (/workspace/index.js:3:15)\n    at Module._compile (node:internal/modules/cjs/loader:1565:14)\n    at Object..js (node:internal/modules/cjs/loader:1708:10)\n    at Module.load (node:internal/modules/cjs/loader:1318:32)\nCould not load the function, shutting down.. Please visit https://cloud.google.com/functions/docs/troubleshooting for in-depth troubleshooting documentation."}}
[debug] [2024-12-31T13:12:09.330Z] Got source token 964944ad-dde2-4f93-9f53-449e03fd08ba for region us-central1
[error] Function failed on loading user code. This is likely due to a bug in the user code. Error message: Provided module can't be loaded.
Did you list all required modules in the package.json dependencies?
Detailed stack trace: Error: Cannot find module 'axios'
Require stack:
- /workspace/index.js
- /layers/google.nodejs.functions-framework/functions-framework/node_modules/@google-cloud/functions-framework/build/src/loader.js
- /layers/google.nodejs.functions-framework/functions-framework/node_modules/@google-cloud/functions-framework/build/src/main.js
    at Function._resolveFilename (node:internal/modules/cjs/loader:1249:15)
    at Function._load (node:internal/modules/cjs/loader:1075:27)
    at TracingChannel.traceSync (node:diagnostics_channel:322:14)
    at wrapModuleLoad (node:internal/modules/cjs/loader:219:24)
    at Module.require (node:internal/modules/cjs/loader:1340:12)
    at require (node:internal/modules/helpers:138:16)
    at Object.<anonymous> (/workspace/index.js:3:15)
    at Module._compile (node:internal/modules/cjs/loader:1565:14)
    at Object..js (node:internal/modules/cjs/loader:1708:10)
    at Module.load (node:internal/modules/cjs/loader:1318:32)
Could not load the function, shutting down.. Please visit https://cloud.google.com/functions/docs/troubleshooting for in-depth troubleshooting documentation.
[debug] [2024-12-31T13:12:09.340Z] Total Function Deployment time: 126805
[debug] [2024-12-31T13:12:09.340Z] 1 Functions Deployed
[debug] [2024-12-31T13:12:09.340Z] 1 Functions Errored
[debug] [2024-12-31T13:12:09.340Z] 0 Function Deployments Aborted
[debug] [2024-12-31T13:12:09.340Z] Average Function Deployment time: 126804
[debug] [2024-12-31T13:13:53.833Z] ----------------------------------------------------------------------
[debug] [2024-12-31T13:13:53.835Z] Command:       /usr/local/bin/node /usr/local/bin/firebase deploy --only functions
[debug] [2024-12-31T13:13:53.835Z] CLI Version:   13.29.1
[debug] [2024-12-31T13:13:53.835Z] Platform:      darwin
[debug] [2024-12-31T13:13:53.835Z] Node Version:  v20.14.0
[debug] [2024-12-31T13:13:53.835Z] Time:          Tue Dec 31 2024 21:13:53 GMT+0800 (Hong Kong Standard Time)
[debug] [2024-12-31T13:13:53.835Z] ----------------------------------------------------------------------
[debug] 
[debug] [2024-12-31T13:13:53.873Z] > command requires scopes: ["email","openid","https://www.googleapis.com/auth/cloudplatformprojects.readonly","https://www.googleapis.com/auth/firebase","https://www.googleapis.com/auth/cloud-platform"]
[debug] [2024-12-31T13:13:53.873Z] > authorizing via signed-in user (zhang4021@gmail.com)
[debug] [2024-12-31T13:13:53.873Z] [iam] checking project twotwentyfive-3acb1 for permissions ["cloudfunctions.functions.create","cloudfunctions.functions.delete","cloudfunctions.functions.get","cloudfunctions.functions.list","cloudfunctions.functions.update","cloudfunctions.operations.get","firebase.projects.get"]
[debug] [2024-12-31T13:13:53.874Z] Checked if tokens are valid: true, expires at: 1735652572396
[debug] [2024-12-31T13:13:53.874Z] Checked if tokens are valid: true, expires at: 1735652572396
[debug] [2024-12-31T13:13:53.874Z] >>> [apiv2][query] POST https://cloudresourcemanager.googleapis.com/v1/projects/twotwentyfive-3acb1:testIamPermissions [none]
[debug] [2024-12-31T13:13:53.874Z] >>> [apiv2][(partial)header] POST https://cloudresourcemanager.googleapis.com/v1/projects/twotwentyfive-3acb1:testIamPermissions x-goog-quota-user=projects/twotwentyfive-3acb1
[debug] [2024-12-31T13:13:53.874Z] >>> [apiv2][body] POST https://cloudresourcemanager.googleapis.com/v1/projects/twotwentyfive-3acb1:testIamPermissions {"permissions":["cloudfunctions.functions.create","cloudfunctions.functions.delete","cloudfunctions.functions.get","cloudfunctions.functions.list","cloudfunctions.functions.update","cloudfunctions.operations.get","firebase.projects.get"]}
[debug] [2024-12-31T13:13:56.196Z] <<< [apiv2][status] POST https://cloudresourcemanager.googleapis.com/v1/projects/twotwentyfive-3acb1:testIamPermissions 200
[debug] [2024-12-31T13:13:56.196Z] <<< [apiv2][body] POST https://cloudresourcemanager.googleapis.com/v1/projects/twotwentyfive-3acb1:testIamPermissions {"permissions":["cloudfunctions.functions.create","cloudfunctions.functions.delete","cloudfunctions.functions.get","cloudfunctions.functions.list","cloudfunctions.functions.update","cloudfunctions.operations.get","firebase.projects.get"]}
[debug] [2024-12-31T13:13:56.196Z] Checked if tokens are valid: true, expires at: 1735652572396
[debug] [2024-12-31T13:13:56.197Z] Checked if tokens are valid: true, expires at: 1735652572396
[debug] [2024-12-31T13:13:56.197Z] >>> [apiv2][query] POST https://iam.googleapis.com/v1/projects/twotwentyfive-3acb1/serviceAccounts/twotwentyfive-3acb1@appspot.gserviceaccount.com:testIamPermissions [none]
[debug] [2024-12-31T13:13:56.197Z] >>> [apiv2][body] POST https://iam.googleapis.com/v1/projects/twotwentyfive-3acb1/serviceAccounts/twotwentyfive-3acb1@appspot.gserviceaccount.com:testIamPermissions {"permissions":["iam.serviceAccounts.actAs"]}
[debug] [2024-12-31T13:13:57.870Z] <<< [apiv2][status] POST https://iam.googleapis.com/v1/projects/twotwentyfive-3acb1/serviceAccounts/twotwentyfive-3acb1@appspot.gserviceaccount.com:testIamPermissions 200
[debug] [2024-12-31T13:13:57.870Z] <<< [apiv2][body] POST https://iam.googleapis.com/v1/projects/twotwentyfive-3acb1/serviceAccounts/twotwentyfive-3acb1@appspot.gserviceaccount.com:testIamPermissions {"permissions":["iam.serviceAccounts.actAs"]}
[info] 
[info] === Deploying to 'twotwentyfive-3acb1'...
[info] 
[info] i  deploying functions 
[debug] [2024-12-31T13:13:57.875Z] Checked if tokens are valid: true, expires at: 1735652572396
[debug] [2024-12-31T13:13:57.875Z] Checked if tokens are valid: true, expires at: 1735652572396
[debug] [2024-12-31T13:13:57.875Z] >>> [apiv2][query] GET https://cloudresourcemanager.googleapis.com/v1/projects/twotwentyfive-3acb1 [none]
[debug] [2024-12-31T13:13:58.175Z] <<< [apiv2][status] GET https://cloudresourcemanager.googleapis.com/v1/projects/twotwentyfive-3acb1 200
[debug] [2024-12-31T13:13:58.175Z] <<< [apiv2][body] GET https://cloudresourcemanager.googleapis.com/v1/projects/twotwentyfive-3acb1 {"projectNumber":"640231718439","projectId":"twotwentyfive-3acb1","lifecycleState":"ACTIVE","name":"TwoTwentyFive","labels":{"firebase":"enabled","firebase-core":"disabled"},"createTime":"2024-12-10T22:24:30.845386Z"}
[info] i  functions: preparing codebase default for deployment 
[info] i  functions: ensuring required API cloudfunctions.googleapis.com is enabled... 
[debug] [2024-12-31T13:13:58.177Z] Checked if tokens are valid: true, expires at: 1735652572396
[debug] [2024-12-31T13:13:58.177Z] Checked if tokens are valid: true, expires at: 1735652572396
[debug] [2024-12-31T13:13:58.178Z] Checked if tokens are valid: true, expires at: 1735652572396
[debug] [2024-12-31T13:13:58.178Z] Checked if tokens are valid: true, expires at: 1735652572396
[info] i  functions: ensuring required API cloudbuild.googleapis.com is enabled... 
[debug] [2024-12-31T13:13:58.179Z] Checked if tokens are valid: true, expires at: 1735652572396
[debug] [2024-12-31T13:13:58.179Z] Checked if tokens are valid: true, expires at: 1735652572396
[info] i  artifactregistry: ensuring required API artifactregistry.googleapis.com is enabled... 
[debug] [2024-12-31T13:13:58.179Z] Checked if tokens are valid: true, expires at: 1735652572396
[debug] [2024-12-31T13:13:58.180Z] Checked if tokens are valid: true, expires at: 1735652572396
[debug] [2024-12-31T13:13:58.180Z] >>> [apiv2][query] GET https://serviceusage.googleapis.com/v1/projects/twotwentyfive-3acb1/services/cloudfunctions.googleapis.com [none]
[debug] [2024-12-31T13:13:58.180Z] >>> [apiv2][(partial)header] GET https://serviceusage.googleapis.com/v1/projects/twotwentyfive-3acb1/services/cloudfunctions.googleapis.com x-goog-quota-user=projects/twotwentyfive-3acb1
[debug] [2024-12-31T13:13:58.181Z] >>> [apiv2][query] GET https://serviceusage.googleapis.com/v1/projects/twotwentyfive-3acb1/services/runtimeconfig.googleapis.com [none]
[debug] [2024-12-31T13:13:58.181Z] >>> [apiv2][(partial)header] GET https://serviceusage.googleapis.com/v1/projects/twotwentyfive-3acb1/services/runtimeconfig.googleapis.com x-goog-quota-user=projects/twotwentyfive-3acb1
[debug] [2024-12-31T13:13:58.183Z] >>> [apiv2][query] GET https://serviceusage.googleapis.com/v1/projects/twotwentyfive-3acb1/services/cloudbuild.googleapis.com [none]
[debug] [2024-12-31T13:13:58.183Z] >>> [apiv2][(partial)header] GET https://serviceusage.googleapis.com/v1/projects/twotwentyfive-3acb1/services/cloudbuild.googleapis.com x-goog-quota-user=projects/twotwentyfive-3acb1
[debug] [2024-12-31T13:13:58.184Z] >>> [apiv2][query] GET https://serviceusage.googleapis.com/v1/projects/twotwentyfive-3acb1/services/artifactregistry.googleapis.com [none]
[debug] [2024-12-31T13:13:58.184Z] >>> [apiv2][(partial)header] GET https://serviceusage.googleapis.com/v1/projects/twotwentyfive-3acb1/services/artifactregistry.googleapis.com x-goog-quota-user=projects/twotwentyfive-3acb1
[debug] [2024-12-31T13:14:02.453Z] <<< [apiv2][status] GET https://serviceusage.googleapis.com/v1/projects/twotwentyfive-3acb1/services/cloudfunctions.googleapis.com 200
[debug] [2024-12-31T13:14:02.453Z] <<< [apiv2][body] GET https://serviceusage.googleapis.com/v1/projects/twotwentyfive-3acb1/services/cloudfunctions.googleapis.com [omitted]
[info] ✔  functions: required API cloudfunctions.googleapis.com is enabled 
[debug] [2024-12-31T13:14:02.456Z] <<< [apiv2][status] GET https://serviceusage.googleapis.com/v1/projects/twotwentyfive-3acb1/services/artifactregistry.googleapis.com 200
[debug] [2024-12-31T13:14:02.456Z] <<< [apiv2][body] GET https://serviceusage.googleapis.com/v1/projects/twotwentyfive-3acb1/services/artifactregistry.googleapis.com [omitted]
[info] ✔  artifactregistry: required API artifactregistry.googleapis.com is enabled 
[debug] [2024-12-31T13:14:02.491Z] <<< [apiv2][status] GET https://serviceusage.googleapis.com/v1/projects/twotwentyfive-3acb1/services/cloudbuild.googleapis.com 200
[debug] [2024-12-31T13:14:02.491Z] <<< [apiv2][body] GET https://serviceusage.googleapis.com/v1/projects/twotwentyfive-3acb1/services/cloudbuild.googleapis.com [omitted]
[info] ✔  functions: required API cloudbuild.googleapis.com is enabled 
[debug] [2024-12-31T13:14:02.559Z] <<< [apiv2][status] GET https://serviceusage.googleapis.com/v1/projects/twotwentyfive-3acb1/services/runtimeconfig.googleapis.com 200
[debug] [2024-12-31T13:14:02.559Z] <<< [apiv2][body] GET https://serviceusage.googleapis.com/v1/projects/twotwentyfive-3acb1/services/runtimeconfig.googleapis.com [omitted]
[debug] [2024-12-31T13:14:02.560Z] Checked if tokens are valid: true, expires at: 1735652572396
[debug] [2024-12-31T13:14:02.560Z] Checked if tokens are valid: true, expires at: 1735652572396
[debug] [2024-12-31T13:14:02.560Z] >>> [apiv2][query] GET https://firebase.googleapis.com/v1beta1/projects/twotwentyfive-3acb1/adminSdkConfig [none]
[debug] [2024-12-31T13:14:04.509Z] <<< [apiv2][status] GET https://firebase.googleapis.com/v1beta1/projects/twotwentyfive-3acb1/adminSdkConfig 200
[debug] [2024-12-31T13:14:04.509Z] <<< [apiv2][body] GET https://firebase.googleapis.com/v1beta1/projects/twotwentyfive-3acb1/adminSdkConfig {"projectId":"twotwentyfive-3acb1","storageBucket":"twotwentyfive-3acb1.firebasestorage.app"}
[debug] [2024-12-31T13:14:04.510Z] Checked if tokens are valid: true, expires at: 1735652572396
[debug] [2024-12-31T13:14:04.510Z] Checked if tokens are valid: true, expires at: 1735652572396
[debug] [2024-12-31T13:14:04.510Z] >>> [apiv2][query] GET https://runtimeconfig.googleapis.com/v1beta1/projects/twotwentyfive-3acb1/configs [none]
[debug] [2024-12-31T13:14:06.058Z] <<< [apiv2][status] GET https://runtimeconfig.googleapis.com/v1beta1/projects/twotwentyfive-3acb1/configs 200
[debug] [2024-12-31T13:14:06.059Z] <<< [apiv2][body] GET https://runtimeconfig.googleapis.com/v1beta1/projects/twotwentyfive-3acb1/configs {}
[debug] [2024-12-31T13:14:06.062Z] Validating nodejs source
[debug] [2024-12-31T13:14:10.073Z] > [functions] package.json contents: {
  "name": "functions",
  "description": "Cloud Functions for Firebase",
  "scripts": {
    "serve": "firebase emulators:start --only functions",
    "shell": "firebase functions:shell",
    "start": "npm run shell",
    "deploy": "firebase deploy --only functions",
    "logs": "firebase functions:log",
    "android": "expo run:android",
    "ios": "expo run:ios"
  },
  "engines": {
    "node": "22"
  },
  "main": "index.js",
  "dependencies": {
    "axios": "^1.7.9",
    "expo": "~51.0.28",
    "firebase-admin": "^12.7.0",
    "firebase-functions": "^6.2.0",
    "moment-timezone": "^0.5.46",
    "react": "18.2.0",
    "react-native": "0.74.5"
  },
  "devDependencies": {
    "firebase-functions-test": "^3.1.0"
  },
  "private": true,
  "version": "1.0.0"
}
[debug] [2024-12-31T13:14:10.073Z] Building nodejs source
[info] i  functions: Loading and analyzing source code for codebase default to determine what to deploy 
[debug] [2024-12-31T13:14:10.074Z] Could not find functions.yaml. Must use http discovery
[debug] [2024-12-31T13:14:10.080Z] Found firebase-functions binary at '/Users/johnzhang/Documents/GitHub/gymapp/functions/node_modules/.bin/firebase-functions'
[info] Serving at port 8968

[debug] [2024-12-31T13:14:10.436Z] Got response from /__/functions.yaml {"endpoints":{"sendWorkoutReminders":{"platform":"gcfv1","availableMemoryMb":null,"timeoutSeconds":null,"minInstances":null,"maxInstances":null,"ingressSettings":null,"serviceAccountEmail":null,"vpc":null,"scheduleTrigger":{"schedule":"every 1 hours","retryConfig":{"retryCount":null,"maxDoublings":null,"maxRetryDuration":null,"maxBackoffDuration":null,"minBackoffDuration":null},"timeZone":null},"labels":{},"entryPoint":"sendWorkoutReminders"}},"specVersion":"v1alpha1","requiredAPIs":[{"api":"cloudscheduler.googleapis.com","reason":"Needed for scheduled functions."}],"extensions":{}}
[info] i  extensions: ensuring required API firebaseextensions.googleapis.com is enabled... 
[debug] [2024-12-31T13:14:15.456Z] Checked if tokens are valid: true, expires at: 1735652572396
[debug] [2024-12-31T13:14:15.456Z] Checked if tokens are valid: true, expires at: 1735652572396
[debug] [2024-12-31T13:14:15.457Z] >>> [apiv2][query] GET https://serviceusage.googleapis.com/v1/projects/twotwentyfive-3acb1/services/firebaseextensions.googleapis.com [none]
[debug] [2024-12-31T13:14:15.457Z] >>> [apiv2][(partial)header] GET https://serviceusage.googleapis.com/v1/projects/twotwentyfive-3acb1/services/firebaseextensions.googleapis.com x-goog-quota-user=projects/twotwentyfive-3acb1
[debug] [2024-12-31T13:14:17.450Z] <<< [apiv2][status] GET https://serviceusage.googleapis.com/v1/projects/twotwentyfive-3acb1/services/firebaseextensions.googleapis.com 200
[debug] [2024-12-31T13:14:17.450Z] <<< [apiv2][body] GET https://serviceusage.googleapis.com/v1/projects/twotwentyfive-3acb1/services/firebaseextensions.googleapis.com [omitted]
[info] ✔  extensions: required API firebaseextensions.googleapis.com is enabled 
[debug] [2024-12-31T13:14:17.450Z] > command requires scopes: ["email","openid","https://www.googleapis.com/auth/cloudplatformprojects.readonly","https://www.googleapis.com/auth/firebase","https://www.googleapis.com/auth/cloud-platform"]
[debug] [2024-12-31T13:14:17.450Z] > authorizing via signed-in user (zhang4021@gmail.com)
[debug] [2024-12-31T13:14:17.450Z] [iam] checking project twotwentyfive-3acb1 for permissions ["firebase.projects.get","firebaseextensions.instances.list"]
[debug] [2024-12-31T13:14:17.450Z] Checked if tokens are valid: true, expires at: 1735652572396
[debug] [2024-12-31T13:14:17.451Z] Checked if tokens are valid: true, expires at: 1735652572396
[debug] [2024-12-31T13:14:17.451Z] >>> [apiv2][query] POST https://cloudresourcemanager.googleapis.com/v1/projects/twotwentyfive-3acb1:testIamPermissions [none]
[debug] [2024-12-31T13:14:17.451Z] >>> [apiv2][(partial)header] POST https://cloudresourcemanager.googleapis.com/v1/projects/twotwentyfive-3acb1:testIamPermissions x-goog-quota-user=projects/twotwentyfive-3acb1
[debug] [2024-12-31T13:14:17.451Z] >>> [apiv2][body] POST https://cloudresourcemanager.googleapis.com/v1/projects/twotwentyfive-3acb1:testIamPermissions {"permissions":["firebase.projects.get","firebaseextensions.instances.list"]}
[debug] [2024-12-31T13:14:22.566Z] <<< [apiv2][status] POST https://cloudresourcemanager.googleapis.com/v1/projects/twotwentyfive-3acb1:testIamPermissions 200
[debug] [2024-12-31T13:14:22.566Z] <<< [apiv2][body] POST https://cloudresourcemanager.googleapis.com/v1/projects/twotwentyfive-3acb1:testIamPermissions {"permissions":["firebase.projects.get","firebaseextensions.instances.list"]}
[debug] [2024-12-31T13:14:22.567Z] Checked if tokens are valid: true, expires at: 1735652572396
[debug] [2024-12-31T13:14:22.567Z] Checked if tokens are valid: true, expires at: 1735652572396
[debug] [2024-12-31T13:14:22.568Z] >>> [apiv2][query] GET https://firebaseextensions.googleapis.com/v1beta/projects/twotwentyfive-3acb1/instances pageSize=100&pageToken=
[debug] [2024-12-31T13:14:24.485Z] <<< [apiv2][status] GET https://firebaseextensions.googleapis.com/v1beta/projects/twotwentyfive-3acb1/instances 200
[debug] [2024-12-31T13:14:24.485Z] <<< [apiv2][body] GET https://firebaseextensions.googleapis.com/v1beta/projects/twotwentyfive-3acb1/instances {}
[info] i  functions: preparing functions directory for uploading... 
[info] i  functions: packaged /Users/johnzhang/Documents/GitHub/gymapp/functions (161.15 KB) for uploading 
[debug] [2024-12-31T13:14:24.512Z] Checked if tokens are valid: true, expires at: 1735652572396
[debug] [2024-12-31T13:14:24.512Z] Checked if tokens are valid: true, expires at: 1735652572396
[debug] [2024-12-31T13:14:24.512Z] >>> [apiv2][query] GET https://cloudfunctions.googleapis.com/v1/projects/twotwentyfive-3acb1/locations/-/functions [none]
[debug] [2024-12-31T13:14:25.584Z] <<< [apiv2][status] GET https://cloudfunctions.googleapis.com/v1/projects/twotwentyfive-3acb1/locations/-/functions 200
[debug] [2024-12-31T13:14:25.584Z] <<< [apiv2][body] GET https://cloudfunctions.googleapis.com/v1/projects/twotwentyfive-3acb1/locations/-/functions {"functions":[{"name":"projects/twotwentyfive-3acb1/locations/us-central1/functions/sendWorkoutReminders","eventTrigger":{"eventType":"google.pubsub.topic.publish","resource":"projects/twotwentyfive-3acb1/topics/firebase-schedule-sendWorkoutReminders-us-central1","service":"pubsub.googleapis.com","failurePolicy":{}},"status":"ACTIVE","entryPoint":"sendWorkoutReminders","timeout":"60s","availableMemoryMb":256,"serviceAccountEmail":"twotwentyfive-3acb1@appspot.gserviceaccount.com","updateTime":"2024-12-31T07:24:53.950Z","versionId":"2","labels":{"deployment-tool":"cli-firebase","deployment-scheduled":"true","firebase-functions-hash":"50064eaff327f4645d4448e0b7d4c09a0faf3506"},"sourceUploadUrl":"https://storage.googleapis.com/uploads-906430938237.us-central1.cloudfunctions.appspot.com/ff25320e-cd42-4c34-8462-50d032a3745b.zip","environmentVariables":{"FIREBASE_CONFIG":"{\"projectId\":\"twotwentyfive-3acb1\",\"storageBucket\":\"twotwentyfive-3acb1.firebasestorage.app\"}","GCLOUD_PROJECT":"twotwentyfive-3acb1","EVENTARC_CLOUD_EVENT_SOURCE":"projects/twotwentyfive-3acb1/locations/us-central1/functions/sendWorkoutReminders"},"runtime":"nodejs22","maxInstances":3000,"ingressSettings":"ALLOW_ALL","buildId":"86625721-b576-4148-a4e6-c14968246a15","buildEnvironmentVariables":{"GOOGLE_NODE_RUN_SCRIPTS":""},"buildName":"projects/640231718439/locations/us-central1/builds/86625721-b576-4148-a4e6-c14968246a15","dockerRegistry":"ARTIFACT_REGISTRY","automaticUpdatePolicy":{},"buildServiceAccount":"projects/twotwentyfive-3acb1/serviceAccounts/640231718439-compute@developer.gserviceaccount.com"}]}
[debug] [2024-12-31T13:14:25.584Z] Checked if tokens are valid: true, expires at: 1735652572396
[debug] [2024-12-31T13:14:25.585Z] Checked if tokens are valid: true, expires at: 1735652572396
[debug] [2024-12-31T13:14:25.585Z] >>> [apiv2][query] GET https://cloudfunctions.googleapis.com/v2/projects/twotwentyfive-3acb1/locations/-/functions filter=environment%3D%22GEN_2%22
[debug] [2024-12-31T13:14:26.199Z] <<< [apiv2][status] GET https://cloudfunctions.googleapis.com/v2/projects/twotwentyfive-3acb1/locations/-/functions 200
[debug] [2024-12-31T13:14:26.200Z] <<< [apiv2][body] GET https://cloudfunctions.googleapis.com/v2/projects/twotwentyfive-3acb1/locations/-/functions {}
[info] i  functions: ensuring required API cloudscheduler.googleapis.com is enabled... 
[debug] [2024-12-31T13:14:26.202Z] Checked if tokens are valid: true, expires at: 1735652572396
[debug] [2024-12-31T13:14:26.203Z] Checked if tokens are valid: true, expires at: 1735652572396
[debug] [2024-12-31T13:14:26.203Z] >>> [apiv2][query] GET https://serviceusage.googleapis.com/v1/projects/twotwentyfive-3acb1/services/cloudscheduler.googleapis.com [none]
[debug] [2024-12-31T13:14:26.203Z] >>> [apiv2][(partial)header] GET https://serviceusage.googleapis.com/v1/projects/twotwentyfive-3acb1/services/cloudscheduler.googleapis.com x-goog-quota-user=projects/twotwentyfive-3acb1
[debug] [2024-12-31T13:14:27.569Z] <<< [apiv2][status] GET https://serviceusage.googleapis.com/v1/projects/twotwentyfive-3acb1/services/cloudscheduler.googleapis.com 200
[debug] [2024-12-31T13:14:27.569Z] <<< [apiv2][body] GET https://serviceusage.googleapis.com/v1/projects/twotwentyfive-3acb1/services/cloudscheduler.googleapis.com [omitted]
[info] ✔  functions: required API cloudscheduler.googleapis.com is enabled 
[debug] [2024-12-31T13:14:27.571Z] Checked if tokens are valid: true, expires at: 1735652572396
[debug] [2024-12-31T13:14:27.571Z] Checked if tokens are valid: true, expires at: 1735652572396
[debug] [2024-12-31T13:14:27.572Z] >>> [apiv2][query] GET https://cloudresourcemanager.googleapis.com/v1/projects/twotwentyfive-3acb1 [none]
[debug] [2024-12-31T13:14:28.402Z] <<< [apiv2][status] GET https://cloudresourcemanager.googleapis.com/v1/projects/twotwentyfive-3acb1 200
[debug] [2024-12-31T13:14:28.403Z] <<< [apiv2][body] GET https://cloudresourcemanager.googleapis.com/v1/projects/twotwentyfive-3acb1 {"projectNumber":"640231718439","projectId":"twotwentyfive-3acb1","lifecycleState":"ACTIVE","name":"TwoTwentyFive","labels":{"firebase":"enabled","firebase-core":"disabled"},"createTime":"2024-12-10T22:24:30.845386Z"}
[debug] [2024-12-31T13:14:28.404Z] Checked if tokens are valid: true, expires at: 1735652572396
[debug] [2024-12-31T13:14:28.404Z] Checked if tokens are valid: true, expires at: 1735652572396
[debug] [2024-12-31T13:14:28.404Z] >>> [apiv2][query] GET https://cloudbilling.googleapis.com/v1/projects/twotwentyfive-3acb1/billingInfo [none]
[debug] [2024-12-31T13:14:29.204Z] <<< [apiv2][status] GET https://cloudbilling.googleapis.com/v1/projects/twotwentyfive-3acb1/billingInfo 200
[debug] [2024-12-31T13:14:29.204Z] <<< [apiv2][body] GET https://cloudbilling.googleapis.com/v1/projects/twotwentyfive-3acb1/billingInfo {"name":"projects/twotwentyfive-3acb1/billingInfo","projectId":"twotwentyfive-3acb1","billingAccountName":"billingAccounts/015348-336495-C330AC","billingEnabled":true}
[debug] [2024-12-31T13:14:29.206Z] Checked if tokens are valid: true, expires at: 1735652572396
[debug] [2024-12-31T13:14:29.207Z] Checked if tokens are valid: true, expires at: 1735652572396
[debug] [2024-12-31T13:14:29.207Z] >>> [apiv2][query] POST https://cloudfunctions.googleapis.com/v1/projects/twotwentyfive-3acb1/locations/us-central1/functions:generateUploadUrl [none]
[debug] [2024-12-31T13:14:29.207Z] >>> [apiv2][body] POST https://cloudfunctions.googleapis.com/v1/projects/twotwentyfive-3acb1/locations/us-central1/functions:generateUploadUrl {}
[debug] [2024-12-31T13:14:29.896Z] <<< [apiv2][status] POST https://cloudfunctions.googleapis.com/v1/projects/twotwentyfive-3acb1/locations/us-central1/functions:generateUploadUrl 200
[debug] [2024-12-31T13:14:29.896Z] <<< [apiv2][body] POST https://cloudfunctions.googleapis.com/v1/projects/twotwentyfive-3acb1/locations/us-central1/functions:generateUploadUrl {"uploadUrl":"https://storage.googleapis.com/uploads-906430938237.us-central1.cloudfunctions.appspot.com/1729faf4-c294-4440-9daf-2aea05da2daf.zip?GoogleAccessId=service-640231718439@gcf-admin-robot.iam.gserviceaccount.com&Expires=1735652670&Signature=UiI36d5smrkgiRdQups7zIESa4IwNw6L5SndGPF8rhgmOaQtSUv%2BtGWHHIkopn3vDCKsahTdl5itHh714Hon4YH8iNMIkVtXbvdI%2B6W6Dfjly7B82NT3%2BTXUv6KXU8BSPYwEQ5rnH%2Bs4aEIkH1UxEYtZoh2wR4rbnBRgOYL%2FHk2hKsrAqPHrFoRP0SGEcMsszB2o5Z7hji6LvgysAiTc7XDCMBrxjHVaY9QB5393NCSCEcvvzf0ER55XXx2LHoO%2BzOhthuMIvSiHtf%2BNB9r%2FNhDUpBHIgJRNPIrgFuWCLldkYxsnJDKZwcaYWNBdo57l51I%2FiaKdE4tTsCWyYqv5bw%3D%3D"}
[debug] [2024-12-31T13:14:29.898Z] >>> [apiv2][query] PUT https://storage.googleapis.com/uploads-906430938237.us-central1.cloudfunctions.appspot.com/1729faf4-c294-4440-9daf-2aea05da2daf.zip GoogleAccessId=service-640231718439%40gcf-admin-robot.iam.gserviceaccount.com&Expires=1735652670&Signature=UiI36d5smrkgiRdQups7zIESa4IwNw6L5SndGPF8rhgmOaQtSUv%2BtGWHHIkopn3vDCKsahTdl5itHh714Hon4YH8iNMIkVtXbvdI%2B6W6Dfjly7B82NT3%2BTXUv6KXU8BSPYwEQ5rnH%2Bs4aEIkH1UxEYtZoh2wR4rbnBRgOYL%2FHk2hKsrAqPHrFoRP0SGEcMsszB2o5Z7hji6LvgysAiTc7XDCMBrxjHVaY9QB5393NCSCEcvvzf0ER55XXx2LHoO%2BzOhthuMIvSiHtf%2BNB9r%2FNhDUpBHIgJRNPIrgFuWCLldkYxsnJDKZwcaYWNBdo57l51I%2FiaKdE4tTsCWyYqv5bw%3D%3D
[debug] [2024-12-31T13:14:29.898Z] >>> [apiv2][body] PUT https://storage.googleapis.com/uploads-906430938237.us-central1.cloudfunctions.appspot.com/1729faf4-c294-4440-9daf-2aea05da2daf.zip [stream]
[debug] [2024-12-31T13:14:31.604Z] <<< [apiv2][status] PUT https://storage.googleapis.com/uploads-906430938237.us-central1.cloudfunctions.appspot.com/1729faf4-c294-4440-9daf-2aea05da2daf.zip 200
[debug] [2024-12-31T13:14:31.604Z] <<< [apiv2][body] PUT https://storage.googleapis.com/uploads-906430938237.us-central1.cloudfunctions.appspot.com/1729faf4-c294-4440-9daf-2aea05da2daf.zip [omitted]
[info] ✔  functions: functions folder uploaded successfully 
[info] i  functions: updating Node.js 22 (1st Gen) function sendWorkoutReminders(us-central1)... 
[debug] [2024-12-31T13:14:31.610Z] Checked if tokens are valid: true, expires at: 1735652572396
[debug] [2024-12-31T13:14:31.610Z] Checked if tokens are valid: true, expires at: 1735652572396
[debug] [2024-12-31T13:14:31.610Z] >>> [apiv2][query] PATCH https://cloudfunctions.googleapis.com/v1/projects/twotwentyfive-3acb1/locations/us-central1/functions/sendWorkoutReminders updateMask=name%2CsourceUploadUrl%2CentryPoint%2Cruntime%2CdockerRegistry%2Clabels%2CeventTrigger.eventType%2CeventTrigger.resource%2CminInstances%2CmaxInstances%2CingressSettings%2CenvironmentVariables%2CserviceAccountEmail%2CavailableMemoryMb%2Ctimeout%2CvpcConnector%2CvpcConnectorEgressSettings%2CsourceToken%2CbuildEnvironmentVariables
[debug] [2024-12-31T13:14:31.610Z] >>> [apiv2][body] PATCH https://cloudfunctions.googleapis.com/v1/projects/twotwentyfive-3acb1/locations/us-central1/functions/sendWorkoutReminders {"name":"projects/twotwentyfive-3acb1/locations/us-central1/functions/sendWorkoutReminders","sourceUploadUrl":"https://storage.googleapis.com/uploads-906430938237.us-central1.cloudfunctions.appspot.com/1729faf4-c294-4440-9daf-2aea05da2daf.zip?GoogleAccessId=service-640231718439@gcf-admin-robot.iam.gserviceaccount.com&Expires=1735652670&Signature=UiI36d5smrkgiRdQups7zIESa4IwNw6L5SndGPF8rhgmOaQtSUv%2BtGWHHIkopn3vDCKsahTdl5itHh714Hon4YH8iNMIkVtXbvdI%2B6W6Dfjly7B82NT3%2BTXUv6KXU8BSPYwEQ5rnH%2Bs4aEIkH1UxEYtZoh2wR4rbnBRgOYL%2FHk2hKsrAqPHrFoRP0SGEcMsszB2o5Z7hji6LvgysAiTc7XDCMBrxjHVaY9QB5393NCSCEcvvzf0ER55XXx2LHoO%2BzOhthuMIvSiHtf%2BNB9r%2FNhDUpBHIgJRNPIrgFuWCLldkYxsnJDKZwcaYWNBdo57l51I%2FiaKdE4tTsCWyYqv5bw%3D%3D","entryPoint":"sendWorkoutReminders","runtime":"nodejs22","dockerRegistry":"ARTIFACT_REGISTRY","labels":{"deployment-tool":"cli-firebase","deployment-scheduled":"true","firebase-functions-hash":"9a9fd300643af6401a3a42489fb68ffb0556f66c"},"eventTrigger":{"eventType":"google.pubsub.topic.publish","resource":"projects/twotwentyfive-3acb1/topics/firebase-schedule-sendWorkoutReminders-us-central1"},"minInstances":null,"maxInstances":null,"ingressSettings":null,"environmentVariables":{"FIREBASE_CONFIG":"{\"projectId\":\"twotwentyfive-3acb1\",\"storageBucket\":\"twotwentyfive-3acb1.firebasestorage.app\"}","GCLOUD_PROJECT":"twotwentyfive-3acb1","EVENTARC_CLOUD_EVENT_SOURCE":"projects/twotwentyfive-3acb1/locations/us-central1/functions/sendWorkoutReminders"},"serviceAccountEmail":null,"availableMemoryMb":null,"timeout":null,"vpcConnector":null,"vpcConnectorEgressSettings":null,"buildEnvironmentVariables":{"GOOGLE_NODE_RUN_SCRIPTS":""}}
[debug] [2024-12-31T13:14:32.183Z] <<< [apiv2][status] PATCH https://cloudfunctions.googleapis.com/v1/projects/twotwentyfive-3acb1/locations/us-central1/functions/sendWorkoutReminders 200
[debug] [2024-12-31T13:14:32.183Z] <<< [apiv2][body] PATCH https://cloudfunctions.googleapis.com/v1/projects/twotwentyfive-3acb1/locations/us-central1/functions/sendWorkoutReminders {"name":"operations/dHdvdHdlbnR5Zml2ZS0zYWNiMS91cy1jZW50cmFsMS9zZW5kV29ya291dFJlbWluZGVycy9LV0lKVU14Z3BSTQ","metadata":{"@type":"type.googleapis.com/google.cloud.functions.v1.OperationMetadataV1","target":"projects/twotwentyfive-3acb1/locations/us-central1/functions/sendWorkoutReminders","type":"UPDATE_FUNCTION","request":{"@type":"type.googleapis.com/google.cloud.functions.v1.CloudFunction","name":"projects/twotwentyfive-3acb1/locations/us-central1/functions/sendWorkoutReminders","eventTrigger":{"eventType":"google.pubsub.topic.publish","resource":"projects/twotwentyfive-3acb1/topics/firebase-schedule-sendWorkoutReminders-us-central1","service":"pubsub.googleapis.com","failurePolicy":{}},"status":"ACTIVE","entryPoint":"sendWorkoutReminders","updateTime":"2024-12-31T07:24:53.950Z","versionId":"2","labels":{"deployment-tool":"cli-firebase","deployment-scheduled":"true","firebase-functions-hash":"9a9fd300643af6401a3a42489fb68ffb0556f66c"},"sourceUploadUrl":"https://storage.googleapis.com/uploads-906430938237.us-central1.cloudfunctions.appspot.com/1729faf4-c294-4440-9daf-2aea05da2daf.zip?GoogleAccessId=service-640231718439@gcf-admin-robot.iam.gserviceaccount.com&Expires=1735652670&Signature=UiI36d5smrkgiRdQups7zIESa4IwNw6L5SndGPF8rhgmOaQtSUv%2BtGWHHIkopn3vDCKsahTdl5itHh714Hon4YH8iNMIkVtXbvdI%2B6W6Dfjly7B82NT3%2BTXUv6KXU8BSPYwEQ5rnH%2Bs4aEIkH1UxEYtZoh2wR4rbnBRgOYL%2FHk2hKsrAqPHrFoRP0SGEcMsszB2o5Z7hji6LvgysAiTc7XDCMBrxjHVaY9QB5393NCSCEcvvzf0ER55XXx2LHoO%2BzOhthuMIvSiHtf%2BNB9r%2FNhDUpBHIgJRNPIrgFuWCLldkYxsnJDKZwcaYWNBdo57l51I%2FiaKdE4tTsCWyYqv5bw%3D%3D","environmentVariables":{"FIREBASE_CONFIG":"{\"projectId\":\"twotwentyfive-3acb1\",\"storageBucket\":\"twotwentyfive-3acb1.firebasestorage.app\"}","GCLOUD_PROJECT":"twotwentyfive-3acb1","EVENTARC_CLOUD_EVENT_SOURCE":"projects/twotwentyfive-3acb1/locations/us-central1/functions/sendWorkoutReminders"},"runtime":"nodejs22","buildId":"86625721-b576-4148-a4e6-c14968246a15","buildEnvironmentVariables":{"GOOGLE_NODE_RUN_SCRIPTS":""},"buildName":"projects/640231718439/locations/us-central1/builds/86625721-b576-4148-a4e6-c14968246a15","dockerRegistry":"ARTIFACT_REGISTRY","automaticUpdatePolicy":{},"buildServiceAccount":"projects/twotwentyfive-3acb1/serviceAccounts/640231718439-compute@developer.gserviceaccount.com"},"versionId":"7","updateTime":"2024-12-31T13:14:32Z"}}
[debug] [2024-12-31T13:14:32.184Z] Checked if tokens are valid: true, expires at: 1735652572396
[debug] [2024-12-31T13:14:32.184Z] Checked if tokens are valid: true, expires at: 1735652572396
[debug] [2024-12-31T13:14:32.185Z] >>> [apiv2][query] GET https://cloudfunctions.googleapis.com/v1/operations/dHdvdHdlbnR5Zml2ZS0zYWNiMS91cy1jZW50cmFsMS9zZW5kV29ya291dFJlbWluZGVycy9LV0lKVU14Z3BSTQ [none]
[debug] [2024-12-31T13:14:32.539Z] <<< [apiv2][status] GET https://cloudfunctions.googleapis.com/v1/operations/dHdvdHdlbnR5Zml2ZS0zYWNiMS91cy1jZW50cmFsMS9zZW5kV29ya291dFJlbWluZGVycy9LV0lKVU14Z3BSTQ 200
[debug] [2024-12-31T13:14:32.540Z] <<< [apiv2][body] GET https://cloudfunctions.googleapis.com/v1/operations/dHdvdHdlbnR5Zml2ZS0zYWNiMS91cy1jZW50cmFsMS9zZW5kV29ya291dFJlbWluZGVycy9LV0lKVU14Z3BSTQ {"name":"operations/dHdvdHdlbnR5Zml2ZS0zYWNiMS91cy1jZW50cmFsMS9zZW5kV29ya291dFJlbWluZGVycy9LV0lKVU14Z3BSTQ","metadata":{"@type":"type.googleapis.com/google.cloud.functions.v1.OperationMetadataV1","target":"projects/twotwentyfive-3acb1/locations/us-central1/functions/sendWorkoutReminders","type":"UPDATE_FUNCTION","request":{"@type":"type.googleapis.com/google.cloud.functions.v1.CloudFunction","name":"projects/twotwentyfive-3acb1/locations/us-central1/functions/sendWorkoutReminders","eventTrigger":{"eventType":"google.pubsub.topic.publish","resource":"projects/twotwentyfive-3acb1/topics/firebase-schedule-sendWorkoutReminders-us-central1","service":"pubsub.googleapis.com","failurePolicy":{}},"status":"ACTIVE","entryPoint":"sendWorkoutReminders","updateTime":"2024-12-31T07:24:53.950Z","versionId":"2","labels":{"deployment-tool":"cli-firebase","deployment-scheduled":"true","firebase-functions-hash":"9a9fd300643af6401a3a42489fb68ffb0556f66c"},"sourceUploadUrl":"https://storage.googleapis.com/uploads-906430938237.us-central1.cloudfunctions.appspot.com/1729faf4-c294-4440-9daf-2aea05da2daf.zip?GoogleAccessId=service-640231718439@gcf-admin-robot.iam.gserviceaccount.com&Expires=1735652670&Signature=UiI36d5smrkgiRdQups7zIESa4IwNw6L5SndGPF8rhgmOaQtSUv%2BtGWHHIkopn3vDCKsahTdl5itHh714Hon4YH8iNMIkVtXbvdI%2B6W6Dfjly7B82NT3%2BTXUv6KXU8BSPYwEQ5rnH%2Bs4aEIkH1UxEYtZoh2wR4rbnBRgOYL%2FHk2hKsrAqPHrFoRP0SGEcMsszB2o5Z7hji6LvgysAiTc7XDCMBrxjHVaY9QB5393NCSCEcvvzf0ER55XXx2LHoO%2BzOhthuMIvSiHtf%2BNB9r%2FNhDUpBHIgJRNPIrgFuWCLldkYxsnJDKZwcaYWNBdo57l51I%2FiaKdE4tTsCWyYqv5bw%3D%3D","environmentVariables":{"FIREBASE_CONFIG":"{\"projectId\":\"twotwentyfive-3acb1\",\"storageBucket\":\"twotwentyfive-3acb1.firebasestorage.app\"}","GCLOUD_PROJECT":"twotwentyfive-3acb1","EVENTARC_CLOUD_EVENT_SOURCE":"projects/twotwentyfive-3acb1/locations/us-central1/functions/sendWorkoutReminders"},"runtime":"nodejs22","buildId":"86625721-b576-4148-a4e6-c14968246a15","buildEnvironmentVariables":{"GOOGLE_NODE_RUN_SCRIPTS":""},"buildName":"projects/640231718439/locations/us-central1/builds/86625721-b576-4148-a4e6-c14968246a15","dockerRegistry":"ARTIFACT_REGISTRY","automaticUpdatePolicy":{},"buildServiceAccount":"projects/twotwentyfive-3acb1/serviceAccounts/640231718439-compute@developer.gserviceaccount.com"},"versionId":"7","updateTime":"2024-12-31T13:14:32Z"}}
[debug] [2024-12-31T13:14:33.042Z] [update-default-us-central1-sendWorkoutReminders] Retrying task index 0
[debug] [2024-12-31T13:14:33.042Z] Checked if tokens are valid: true, expires at: 1735652572396
[debug] [2024-12-31T13:14:33.042Z] Checked if tokens are valid: true, expires at: 1735652572396
[debug] [2024-12-31T13:14:33.042Z] >>> [apiv2][query] GET https://cloudfunctions.googleapis.com/v1/operations/dHdvdHdlbnR5Zml2ZS0zYWNiMS91cy1jZW50cmFsMS9zZW5kV29ya291dFJlbWluZGVycy9LV0lKVU14Z3BSTQ [none]
[debug] [2024-12-31T13:14:33.345Z] <<< [apiv2][status] GET https://cloudfunctions.googleapis.com/v1/operations/dHdvdHdlbnR5Zml2ZS0zYWNiMS91cy1jZW50cmFsMS9zZW5kV29ya291dFJlbWluZGVycy9LV0lKVU14Z3BSTQ 200
[debug] [2024-12-31T13:14:33.346Z] <<< [apiv2][body] GET https://cloudfunctions.googleapis.com/v1/operations/dHdvdHdlbnR5Zml2ZS0zYWNiMS91cy1jZW50cmFsMS9zZW5kV29ya291dFJlbWluZGVycy9LV0lKVU14Z3BSTQ {"name":"operations/dHdvdHdlbnR5Zml2ZS0zYWNiMS91cy1jZW50cmFsMS9zZW5kV29ya291dFJlbWluZGVycy9LV0lKVU14Z3BSTQ","metadata":{"@type":"type.googleapis.com/google.cloud.functions.v1.OperationMetadataV1","target":"projects/twotwentyfive-3acb1/locations/us-central1/functions/sendWorkoutReminders","type":"UPDATE_FUNCTION","request":{"@type":"type.googleapis.com/google.cloud.functions.v1.CloudFunction","name":"projects/twotwentyfive-3acb1/locations/us-central1/functions/sendWorkoutReminders","eventTrigger":{"eventType":"google.pubsub.topic.publish","resource":"projects/twotwentyfive-3acb1/topics/firebase-schedule-sendWorkoutReminders-us-central1","service":"pubsub.googleapis.com","failurePolicy":{}},"status":"ACTIVE","entryPoint":"sendWorkoutReminders","updateTime":"2024-12-31T07:24:53.950Z","versionId":"2","labels":{"deployment-tool":"cli-firebase","deployment-scheduled":"true","firebase-functions-hash":"9a9fd300643af6401a3a42489fb68ffb0556f66c"},"sourceUploadUrl":"https://storage.googleapis.com/uploads-906430938237.us-central1.cloudfunctions.appspot.com/1729faf4-c294-4440-9daf-2aea05da2daf.zip?GoogleAccessId=service-640231718439@gcf-admin-robot.iam.gserviceaccount.com&Expires=1735652670&Signature=UiI36d5smrkgiRdQups7zIESa4IwNw6L5SndGPF8rhgmOaQtSUv%2BtGWHHIkopn3vDCKsahTdl5itHh714Hon4YH8iNMIkVtXbvdI%2B6W6Dfjly7B82NT3%2BTXUv6KXU8BSPYwEQ5rnH%2Bs4aEIkH1UxEYtZoh2wR4rbnBRgOYL%2FHk2hKsrAqPHrFoRP0SGEcMsszB2o5Z7hji6LvgysAiTc7XDCMBrxjHVaY9QB5393NCSCEcvvzf0ER55XXx2LHoO%2BzOhthuMIvSiHtf%2BNB9r%2FNhDUpBHIgJRNPIrgFuWCLldkYxsnJDKZwcaYWNBdo57l51I%2FiaKdE4tTsCWyYqv5bw%3D%3D","environmentVariables":{"FIREBASE_CONFIG":"{\"projectId\":\"twotwentyfive-3acb1\",\"storageBucket\":\"twotwentyfive-3acb1.firebasestorage.app\"}","GCLOUD_PROJECT":"twotwentyfive-3acb1","EVENTARC_CLOUD_EVENT_SOURCE":"projects/twotwentyfive-3acb1/locations/us-central1/functions/sendWorkoutReminders"},"runtime":"nodejs22","buildId":"86625721-b576-4148-a4e6-c14968246a15","buildEnvironmentVariables":{"GOOGLE_NODE_RUN_SCRIPTS":""},"buildName":"projects/640231718439/locations/us-central1/builds/86625721-b576-4148-a4e6-c14968246a15","dockerRegistry":"ARTIFACT_REGISTRY","automaticUpdatePolicy":{},"buildServiceAccount":"projects/twotwentyfive-3acb1/serviceAccounts/640231718439-compute@developer.gserviceaccount.com"},"versionId":"7","updateTime":"2024-12-31T13:14:32Z","buildId":"6d0cab58-9f48-4338-a5a1-8ff1b3de9adb","buildName":"projects/640231718439/locations/us-central1/builds/6d0cab58-9f48-4338-a5a1-8ff1b3de9adb"}}
[debug] [2024-12-31T13:14:34.347Z] [update-default-us-central1-sendWorkoutReminders] Retrying task index 0
[debug] [2024-12-31T13:14:34.348Z] Checked if tokens are valid: true, expires at: 1735652572396
[debug] [2024-12-31T13:14:34.348Z] Checked if tokens are valid: true, expires at: 1735652572396
[debug] [2024-12-31T13:14:34.348Z] >>> [apiv2][query] GET https://cloudfunctions.googleapis.com/v1/operations/dHdvdHdlbnR5Zml2ZS0zYWNiMS91cy1jZW50cmFsMS9zZW5kV29ya291dFJlbWluZGVycy9LV0lKVU14Z3BSTQ [none]
[debug] [2024-12-31T13:14:34.678Z] <<< [apiv2][status] GET https://cloudfunctions.googleapis.com/v1/operations/dHdvdHdlbnR5Zml2ZS0zYWNiMS91cy1jZW50cmFsMS9zZW5kV29ya291dFJlbWluZGVycy9LV0lKVU14Z3BSTQ 200
[debug] [2024-12-31T13:14:34.678Z] <<< [apiv2][body] GET https://cloudfunctions.googleapis.com/v1/operations/dHdvdHdlbnR5Zml2ZS0zYWNiMS91cy1jZW50cmFsMS9zZW5kV29ya291dFJlbWluZGVycy9LV0lKVU14Z3BSTQ {"name":"operations/dHdvdHdlbnR5Zml2ZS0zYWNiMS91cy1jZW50cmFsMS9zZW5kV29ya291dFJlbWluZGVycy9LV0lKVU14Z3BSTQ","metadata":{"@type":"type.googleapis.com/google.cloud.functions.v1.OperationMetadataV1","target":"projects/twotwentyfive-3acb1/locations/us-central1/functions/sendWorkoutReminders","type":"UPDATE_FUNCTION","request":{"@type":"type.googleapis.com/google.cloud.functions.v1.CloudFunction","name":"projects/twotwentyfive-3acb1/locations/us-central1/functions/sendWorkoutReminders","eventTrigger":{"eventType":"google.pubsub.topic.publish","resource":"projects/twotwentyfive-3acb1/topics/firebase-schedule-sendWorkoutReminders-us-central1","service":"pubsub.googleapis.com","failurePolicy":{}},"status":"ACTIVE","entryPoint":"sendWorkoutReminders","updateTime":"2024-12-31T07:24:53.950Z","versionId":"2","labels":{"deployment-tool":"cli-firebase","deployment-scheduled":"true","firebase-functions-hash":"9a9fd300643af6401a3a42489fb68ffb0556f66c"},"sourceUploadUrl":"https://storage.googleapis.com/uploads-906430938237.us-central1.cloudfunctions.appspot.com/1729faf4-c294-4440-9daf-2aea05da2daf.zip?GoogleAccessId=service-640231718439@gcf-admin-robot.iam.gserviceaccount.com&Expires=1735652670&Signature=UiI36d5smrkgiRdQups7zIESa4IwNw6L5SndGPF8rhgmOaQtSUv%2BtGWHHIkopn3vDCKsahTdl5itHh714Hon4YH8iNMIkVtXbvdI%2B6W6Dfjly7B82NT3%2BTXUv6KXU8BSPYwEQ5rnH%2Bs4aEIkH1UxEYtZoh2wR4rbnBRgOYL%2FHk2hKsrAqPHrFoRP0SGEcMsszB2o5Z7hji6LvgysAiTc7XDCMBrxjHVaY9QB5393NCSCEcvvzf0ER55XXx2LHoO%2BzOhthuMIvSiHtf%2BNB9r%2FNhDUpBHIgJRNPIrgFuWCLldkYxsnJDKZwcaYWNBdo57l51I%2FiaKdE4tTsCWyYqv5bw%3D%3D","environmentVariables":{"FIREBASE_CONFIG":"{\"projectId\":\"twotwentyfive-3acb1\",\"storageBucket\":\"twotwentyfive-3acb1.firebasestorage.app\"}","GCLOUD_PROJECT":"twotwentyfive-3acb1","EVENTARC_CLOUD_EVENT_SOURCE":"projects/twotwentyfive-3acb1/locations/us-central1/functions/sendWorkoutReminders"},"runtime":"nodejs22","buildId":"86625721-b576-4148-a4e6-c14968246a15","buildEnvironmentVariables":{"GOOGLE_NODE_RUN_SCRIPTS":""},"buildName":"projects/640231718439/locations/us-central1/builds/86625721-b576-4148-a4e6-c14968246a15","dockerRegistry":"ARTIFACT_REGISTRY","automaticUpdatePolicy":{},"buildServiceAccount":"projects/twotwentyfive-3acb1/serviceAccounts/640231718439-compute@developer.gserviceaccount.com"},"versionId":"7","updateTime":"2024-12-31T13:14:32Z","buildId":"6d0cab58-9f48-4338-a5a1-8ff1b3de9adb","buildName":"projects/640231718439/locations/us-central1/builds/6d0cab58-9f48-4338-a5a1-8ff1b3de9adb"}}
[debug] [2024-12-31T13:14:36.679Z] [update-default-us-central1-sendWorkoutReminders] Retrying task index 0
[debug] [2024-12-31T13:14:36.680Z] Checked if tokens are valid: true, expires at: 1735652572396
[debug] [2024-12-31T13:14:36.680Z] Checked if tokens are valid: true, expires at: 1735652572396
[debug] [2024-12-31T13:14:36.680Z] >>> [apiv2][query] GET https://cloudfunctions.googleapis.com/v1/operations/dHdvdHdlbnR5Zml2ZS0zYWNiMS91cy1jZW50cmFsMS9zZW5kV29ya291dFJlbWluZGVycy9LV0lKVU14Z3BSTQ [none]
[debug] [2024-12-31T13:14:37.041Z] <<< [apiv2][status] GET https://cloudfunctions.googleapis.com/v1/operations/dHdvdHdlbnR5Zml2ZS0zYWNiMS91cy1jZW50cmFsMS9zZW5kV29ya291dFJlbWluZGVycy9LV0lKVU14Z3BSTQ 200
[debug] [2024-12-31T13:14:37.041Z] <<< [apiv2][body] GET https://cloudfunctions.googleapis.com/v1/operations/dHdvdHdlbnR5Zml2ZS0zYWNiMS91cy1jZW50cmFsMS9zZW5kV29ya291dFJlbWluZGVycy9LV0lKVU14Z3BSTQ {"name":"operations/dHdvdHdlbnR5Zml2ZS0zYWNiMS91cy1jZW50cmFsMS9zZW5kV29ya291dFJlbWluZGVycy9LV0lKVU14Z3BSTQ","metadata":{"@type":"type.googleapis.com/google.cloud.functions.v1.OperationMetadataV1","target":"projects/twotwentyfive-3acb1/locations/us-central1/functions/sendWorkoutReminders","type":"UPDATE_FUNCTION","request":{"@type":"type.googleapis.com/google.cloud.functions.v1.CloudFunction","name":"projects/twotwentyfive-3acb1/locations/us-central1/functions/sendWorkoutReminders","eventTrigger":{"eventType":"google.pubsub.topic.publish","resource":"projects/twotwentyfive-3acb1/topics/firebase-schedule-sendWorkoutReminders-us-central1","service":"pubsub.googleapis.com","failurePolicy":{}},"status":"ACTIVE","entryPoint":"sendWorkoutReminders","updateTime":"2024-12-31T07:24:53.950Z","versionId":"2","labels":{"deployment-tool":"cli-firebase","deployment-scheduled":"true","firebase-functions-hash":"9a9fd300643af6401a3a42489fb68ffb0556f66c"},"sourceUploadUrl":"https://storage.googleapis.com/uploads-906430938237.us-central1.cloudfunctions.appspot.com/1729faf4-c294-4440-9daf-2aea05da2daf.zip?GoogleAccessId=service-640231718439@gcf-admin-robot.iam.gserviceaccount.com&Expires=1735652670&Signature=UiI36d5smrkgiRdQups7zIESa4IwNw6L5SndGPF8rhgmOaQtSUv%2BtGWHHIkopn3vDCKsahTdl5itHh714Hon4YH8iNMIkVtXbvdI%2B6W6Dfjly7B82NT3%2BTXUv6KXU8BSPYwEQ5rnH%2Bs4aEIkH1UxEYtZoh2wR4rbnBRgOYL%2FHk2hKsrAqPHrFoRP0SGEcMsszB2o5Z7hji6LvgysAiTc7XDCMBrxjHVaY9QB5393NCSCEcvvzf0ER55XXx2LHoO%2BzOhthuMIvSiHtf%2BNB9r%2FNhDUpBHIgJRNPIrgFuWCLldkYxsnJDKZwcaYWNBdo57l51I%2FiaKdE4tTsCWyYqv5bw%3D%3D","environmentVariables":{"FIREBASE_CONFIG":"{\"projectId\":\"twotwentyfive-3acb1\",\"storageBucket\":\"twotwentyfive-3acb1.firebasestorage.app\"}","GCLOUD_PROJECT":"twotwentyfive-3acb1","EVENTARC_CLOUD_EVENT_SOURCE":"projects/twotwentyfive-3acb1/locations/us-central1/functions/sendWorkoutReminders"},"runtime":"nodejs22","buildId":"86625721-b576-4148-a4e6-c14968246a15","buildEnvironmentVariables":{"GOOGLE_NODE_RUN_SCRIPTS":""},"buildName":"projects/640231718439/locations/us-central1/builds/86625721-b576-4148-a4e6-c14968246a15","dockerRegistry":"ARTIFACT_REGISTRY","automaticUpdatePolicy":{},"buildServiceAccount":"projects/twotwentyfive-3acb1/serviceAccounts/640231718439-compute@developer.gserviceaccount.com"},"versionId":"7","updateTime":"2024-12-31T13:14:32Z","buildId":"6d0cab58-9f48-4338-a5a1-8ff1b3de9adb","buildName":"projects/640231718439/locations/us-central1/builds/6d0cab58-9f48-4338-a5a1-8ff1b3de9adb"}}
[debug] [2024-12-31T13:14:41.043Z] [update-default-us-central1-sendWorkoutReminders] Retrying task index 0
[debug] [2024-12-31T13:14:41.043Z] Checked if tokens are valid: true, expires at: 1735652572396
[debug] [2024-12-31T13:14:41.043Z] Checked if tokens are valid: true, expires at: 1735652572396
[debug] [2024-12-31T13:14:41.043Z] >>> [apiv2][query] GET https://cloudfunctions.googleapis.com/v1/operations/dHdvdHdlbnR5Zml2ZS0zYWNiMS91cy1jZW50cmFsMS9zZW5kV29ya291dFJlbWluZGVycy9LV0lKVU14Z3BSTQ [none]
[debug] [2024-12-31T13:14:41.343Z] <<< [apiv2][status] GET https://cloudfunctions.googleapis.com/v1/operations/dHdvdHdlbnR5Zml2ZS0zYWNiMS91cy1jZW50cmFsMS9zZW5kV29ya291dFJlbWluZGVycy9LV0lKVU14Z3BSTQ 200
[debug] [2024-12-31T13:14:41.343Z] <<< [apiv2][body] GET https://cloudfunctions.googleapis.com/v1/operations/dHdvdHdlbnR5Zml2ZS0zYWNiMS91cy1jZW50cmFsMS9zZW5kV29ya291dFJlbWluZGVycy9LV0lKVU14Z3BSTQ {"name":"operations/dHdvdHdlbnR5Zml2ZS0zYWNiMS91cy1jZW50cmFsMS9zZW5kV29ya291dFJlbWluZGVycy9LV0lKVU14Z3BSTQ","metadata":{"@type":"type.googleapis.com/google.cloud.functions.v1.OperationMetadataV1","target":"projects/twotwentyfive-3acb1/locations/us-central1/functions/sendWorkoutReminders","type":"UPDATE_FUNCTION","request":{"@type":"type.googleapis.com/google.cloud.functions.v1.CloudFunction","name":"projects/twotwentyfive-3acb1/locations/us-central1/functions/sendWorkoutReminders","eventTrigger":{"eventType":"google.pubsub.topic.publish","resource":"projects/twotwentyfive-3acb1/topics/firebase-schedule-sendWorkoutReminders-us-central1","service":"pubsub.googleapis.com","failurePolicy":{}},"status":"ACTIVE","entryPoint":"sendWorkoutReminders","updateTime":"2024-12-31T07:24:53.950Z","versionId":"2","labels":{"deployment-tool":"cli-firebase","deployment-scheduled":"true","firebase-functions-hash":"9a9fd300643af6401a3a42489fb68ffb0556f66c"},"sourceUploadUrl":"https://storage.googleapis.com/uploads-906430938237.us-central1.cloudfunctions.appspot.com/1729faf4-c294-4440-9daf-2aea05da2daf.zip?GoogleAccessId=service-640231718439@gcf-admin-robot.iam.gserviceaccount.com&Expires=1735652670&Signature=UiI36d5smrkgiRdQups7zIESa4IwNw6L5SndGPF8rhgmOaQtSUv%2BtGWHHIkopn3vDCKsahTdl5itHh714Hon4YH8iNMIkVtXbvdI%2B6W6Dfjly7B82NT3%2BTXUv6KXU8BSPYwEQ5rnH%2Bs4aEIkH1UxEYtZoh2wR4rbnBRgOYL%2FHk2hKsrAqPHrFoRP0SGEcMsszB2o5Z7hji6LvgysAiTc7XDCMBrxjHVaY9QB5393NCSCEcvvzf0ER55XXx2LHoO%2BzOhthuMIvSiHtf%2BNB9r%2FNhDUpBHIgJRNPIrgFuWCLldkYxsnJDKZwcaYWNBdo57l51I%2FiaKdE4tTsCWyYqv5bw%3D%3D","environmentVariables":{"FIREBASE_CONFIG":"{\"projectId\":\"twotwentyfive-3acb1\",\"storageBucket\":\"twotwentyfive-3acb1.firebasestorage.app\"}","GCLOUD_PROJECT":"twotwentyfive-3acb1","EVENTARC_CLOUD_EVENT_SOURCE":"projects/twotwentyfive-3acb1/locations/us-central1/functions/sendWorkoutReminders"},"runtime":"nodejs22","buildId":"86625721-b576-4148-a4e6-c14968246a15","buildEnvironmentVariables":{"GOOGLE_NODE_RUN_SCRIPTS":""},"buildName":"projects/640231718439/locations/us-central1/builds/86625721-b576-4148-a4e6-c14968246a15","dockerRegistry":"ARTIFACT_REGISTRY","automaticUpdatePolicy":{},"buildServiceAccount":"projects/twotwentyfive-3acb1/serviceAccounts/640231718439-compute@developer.gserviceaccount.com"},"versionId":"7","updateTime":"2024-12-31T13:14:32Z","buildId":"6d0cab58-9f48-4338-a5a1-8ff1b3de9adb","buildName":"projects/640231718439/locations/us-central1/builds/6d0cab58-9f48-4338-a5a1-8ff1b3de9adb"}}
[debug] [2024-12-31T13:14:49.344Z] [update-default-us-central1-sendWorkoutReminders] Retrying task index 0
[debug] [2024-12-31T13:14:49.347Z] Checked if tokens are valid: true, expires at: 1735652572396
[debug] [2024-12-31T13:14:49.347Z] Checked if tokens are valid: true, expires at: 1735652572396
[debug] [2024-12-31T13:14:49.348Z] >>> [apiv2][query] GET https://cloudfunctions.googleapis.com/v1/operations/dHdvdHdlbnR5Zml2ZS0zYWNiMS91cy1jZW50cmFsMS9zZW5kV29ya291dFJlbWluZGVycy9LV0lKVU14Z3BSTQ [none]
[debug] [2024-12-31T13:14:50.256Z] <<< [apiv2][status] GET https://cloudfunctions.googleapis.com/v1/operations/dHdvdHdlbnR5Zml2ZS0zYWNiMS91cy1jZW50cmFsMS9zZW5kV29ya291dFJlbWluZGVycy9LV0lKVU14Z3BSTQ 200
[debug] [2024-12-31T13:14:50.256Z] <<< [apiv2][body] GET https://cloudfunctions.googleapis.com/v1/operations/dHdvdHdlbnR5Zml2ZS0zYWNiMS91cy1jZW50cmFsMS9zZW5kV29ya291dFJlbWluZGVycy9LV0lKVU14Z3BSTQ {"name":"operations/dHdvdHdlbnR5Zml2ZS0zYWNiMS91cy1jZW50cmFsMS9zZW5kV29ya291dFJlbWluZGVycy9LV0lKVU14Z3BSTQ","metadata":{"@type":"type.googleapis.com/google.cloud.functions.v1.OperationMetadataV1","target":"projects/twotwentyfive-3acb1/locations/us-central1/functions/sendWorkoutReminders","type":"UPDATE_FUNCTION","request":{"@type":"type.googleapis.com/google.cloud.functions.v1.CloudFunction","name":"projects/twotwentyfive-3acb1/locations/us-central1/functions/sendWorkoutReminders","eventTrigger":{"eventType":"google.pubsub.topic.publish","resource":"projects/twotwentyfive-3acb1/topics/firebase-schedule-sendWorkoutReminders-us-central1","service":"pubsub.googleapis.com","failurePolicy":{}},"status":"ACTIVE","entryPoint":"sendWorkoutReminders","updateTime":"2024-12-31T07:24:53.950Z","versionId":"2","labels":{"deployment-tool":"cli-firebase","deployment-scheduled":"true","firebase-functions-hash":"9a9fd300643af6401a3a42489fb68ffb0556f66c"},"sourceUploadUrl":"https://storage.googleapis.com/uploads-906430938237.us-central1.cloudfunctions.appspot.com/1729faf4-c294-4440-9daf-2aea05da2daf.zip?GoogleAccessId=service-640231718439@gcf-admin-robot.iam.gserviceaccount.com&Expires=1735652670&Signature=UiI36d5smrkgiRdQups7zIESa4IwNw6L5SndGPF8rhgmOaQtSUv%2BtGWHHIkopn3vDCKsahTdl5itHh714Hon4YH8iNMIkVtXbvdI%2B6W6Dfjly7B82NT3%2BTXUv6KXU8BSPYwEQ5rnH%2Bs4aEIkH1UxEYtZoh2wR4rbnBRgOYL%2FHk2hKsrAqPHrFoRP0SGEcMsszB2o5Z7hji6LvgysAiTc7XDCMBrxjHVaY9QB5393NCSCEcvvzf0ER55XXx2LHoO%2BzOhthuMIvSiHtf%2BNB9r%2FNhDUpBHIgJRNPIrgFuWCLldkYxsnJDKZwcaYWNBdo57l51I%2FiaKdE4tTsCWyYqv5bw%3D%3D","environmentVariables":{"FIREBASE_CONFIG":"{\"projectId\":\"twotwentyfive-3acb1\",\"storageBucket\":\"twotwentyfive-3acb1.firebasestorage.app\"}","GCLOUD_PROJECT":"twotwentyfive-3acb1","EVENTARC_CLOUD_EVENT_SOURCE":"projects/twotwentyfive-3acb1/locations/us-central1/functions/sendWorkoutReminders"},"runtime":"nodejs22","buildId":"86625721-b576-4148-a4e6-c14968246a15","buildEnvironmentVariables":{"GOOGLE_NODE_RUN_SCRIPTS":""},"buildName":"projects/640231718439/locations/us-central1/builds/86625721-b576-4148-a4e6-c14968246a15","dockerRegistry":"ARTIFACT_REGISTRY","automaticUpdatePolicy":{},"buildServiceAccount":"projects/twotwentyfive-3acb1/serviceAccounts/640231718439-compute@developer.gserviceaccount.com"},"versionId":"7","updateTime":"2024-12-31T13:14:32Z","buildId":"6d0cab58-9f48-4338-a5a1-8ff1b3de9adb","buildName":"projects/640231718439/locations/us-central1/builds/6d0cab58-9f48-4338-a5a1-8ff1b3de9adb"}}
[debug] [2024-12-31T13:15:00.257Z] [update-default-us-central1-sendWorkoutReminders] Retrying task index 0
[debug] [2024-12-31T13:15:00.258Z] Checked if tokens are valid: true, expires at: 1735652572396
[debug] [2024-12-31T13:15:00.258Z] Checked if tokens are valid: true, expires at: 1735652572396
[debug] [2024-12-31T13:15:00.258Z] >>> [apiv2][query] GET https://cloudfunctions.googleapis.com/v1/operations/dHdvdHdlbnR5Zml2ZS0zYWNiMS91cy1jZW50cmFsMS9zZW5kV29ya291dFJlbWluZGVycy9LV0lKVU14Z3BSTQ [none]
[debug] [2024-12-31T13:15:01.674Z] <<< [apiv2][status] GET https://cloudfunctions.googleapis.com/v1/operations/dHdvdHdlbnR5Zml2ZS0zYWNiMS91cy1jZW50cmFsMS9zZW5kV29ya291dFJlbWluZGVycy9LV0lKVU14Z3BSTQ 200
[debug] [2024-12-31T13:15:01.674Z] <<< [apiv2][body] GET https://cloudfunctions.googleapis.com/v1/operations/dHdvdHdlbnR5Zml2ZS0zYWNiMS91cy1jZW50cmFsMS9zZW5kV29ya291dFJlbWluZGVycy9LV0lKVU14Z3BSTQ {"name":"operations/dHdvdHdlbnR5Zml2ZS0zYWNiMS91cy1jZW50cmFsMS9zZW5kV29ya291dFJlbWluZGVycy9LV0lKVU14Z3BSTQ","metadata":{"@type":"type.googleapis.com/google.cloud.functions.v1.OperationMetadataV1","target":"projects/twotwentyfive-3acb1/locations/us-central1/functions/sendWorkoutReminders","type":"UPDATE_FUNCTION","request":{"@type":"type.googleapis.com/google.cloud.functions.v1.CloudFunction","name":"projects/twotwentyfive-3acb1/locations/us-central1/functions/sendWorkoutReminders","eventTrigger":{"eventType":"google.pubsub.topic.publish","resource":"projects/twotwentyfive-3acb1/topics/firebase-schedule-sendWorkoutReminders-us-central1","service":"pubsub.googleapis.com","failurePolicy":{}},"status":"ACTIVE","entryPoint":"sendWorkoutReminders","updateTime":"2024-12-31T07:24:53.950Z","versionId":"2","labels":{"deployment-tool":"cli-firebase","deployment-scheduled":"true","firebase-functions-hash":"9a9fd300643af6401a3a42489fb68ffb0556f66c"},"sourceUploadUrl":"https://storage.googleapis.com/uploads-906430938237.us-central1.cloudfunctions.appspot.com/1729faf4-c294-4440-9daf-2aea05da2daf.zip?GoogleAccessId=service-640231718439@gcf-admin-robot.iam.gserviceaccount.com&Expires=1735652670&Signature=UiI36d5smrkgiRdQups7zIESa4IwNw6L5SndGPF8rhgmOaQtSUv%2BtGWHHIkopn3vDCKsahTdl5itHh714Hon4YH8iNMIkVtXbvdI%2B6W6Dfjly7B82NT3%2BTXUv6KXU8BSPYwEQ5rnH%2Bs4aEIkH1UxEYtZoh2wR4rbnBRgOYL%2FHk2hKsrAqPHrFoRP0SGEcMsszB2o5Z7hji6LvgysAiTc7XDCMBrxjHVaY9QB5393NCSCEcvvzf0ER55XXx2LHoO%2BzOhthuMIvSiHtf%2BNB9r%2FNhDUpBHIgJRNPIrgFuWCLldkYxsnJDKZwcaYWNBdo57l51I%2FiaKdE4tTsCWyYqv5bw%3D%3D","environmentVariables":{"FIREBASE_CONFIG":"{\"projectId\":\"twotwentyfive-3acb1\",\"storageBucket\":\"twotwentyfive-3acb1.firebasestorage.app\"}","GCLOUD_PROJECT":"twotwentyfive-3acb1","EVENTARC_CLOUD_EVENT_SOURCE":"projects/twotwentyfive-3acb1/locations/us-central1/functions/sendWorkoutReminders"},"runtime":"nodejs22","buildId":"86625721-b576-4148-a4e6-c14968246a15","buildEnvironmentVariables":{"GOOGLE_NODE_RUN_SCRIPTS":""},"buildName":"projects/640231718439/locations/us-central1/builds/86625721-b576-4148-a4e6-c14968246a15","dockerRegistry":"ARTIFACT_REGISTRY","automaticUpdatePolicy":{},"buildServiceAccount":"projects/twotwentyfive-3acb1/serviceAccounts/640231718439-compute@developer.gserviceaccount.com"},"versionId":"7","updateTime":"2024-12-31T13:14:32Z","buildId":"6d0cab58-9f48-4338-a5a1-8ff1b3de9adb","buildName":"projects/640231718439/locations/us-central1/builds/6d0cab58-9f48-4338-a5a1-8ff1b3de9adb"}}
[debug] [2024-12-31T13:15:11.675Z] [update-default-us-central1-sendWorkoutReminders] Retrying task index 0
[debug] [2024-12-31T13:15:11.676Z] Checked if tokens are valid: true, expires at: 1735652572396
[debug] [2024-12-31T13:15:11.676Z] Checked if tokens are valid: true, expires at: 1735652572396
[debug] [2024-12-31T13:15:11.676Z] >>> [apiv2][query] GET https://cloudfunctions.googleapis.com/v1/operations/dHdvdHdlbnR5Zml2ZS0zYWNiMS91cy1jZW50cmFsMS9zZW5kV29ya291dFJlbWluZGVycy9LV0lKVU14Z3BSTQ [none]
[debug] [2024-12-31T13:15:13.040Z] <<< [apiv2][status] GET https://cloudfunctions.googleapis.com/v1/operations/dHdvdHdlbnR5Zml2ZS0zYWNiMS91cy1jZW50cmFsMS9zZW5kV29ya291dFJlbWluZGVycy9LV0lKVU14Z3BSTQ 200
[debug] [2024-12-31T13:15:13.041Z] <<< [apiv2][body] GET https://cloudfunctions.googleapis.com/v1/operations/dHdvdHdlbnR5Zml2ZS0zYWNiMS91cy1jZW50cmFsMS9zZW5kV29ya291dFJlbWluZGVycy9LV0lKVU14Z3BSTQ {"name":"operations/dHdvdHdlbnR5Zml2ZS0zYWNiMS91cy1jZW50cmFsMS9zZW5kV29ya291dFJlbWluZGVycy9LV0lKVU14Z3BSTQ","metadata":{"@type":"type.googleapis.com/google.cloud.functions.v1.OperationMetadataV1","target":"projects/twotwentyfive-3acb1/locations/us-central1/functions/sendWorkoutReminders","type":"UPDATE_FUNCTION","request":{"@type":"type.googleapis.com/google.cloud.functions.v1.CloudFunction","name":"projects/twotwentyfive-3acb1/locations/us-central1/functions/sendWorkoutReminders","eventTrigger":{"eventType":"google.pubsub.topic.publish","resource":"projects/twotwentyfive-3acb1/topics/firebase-schedule-sendWorkoutReminders-us-central1","service":"pubsub.googleapis.com","failurePolicy":{}},"status":"ACTIVE","entryPoint":"sendWorkoutReminders","updateTime":"2024-12-31T07:24:53.950Z","versionId":"2","labels":{"deployment-tool":"cli-firebase","deployment-scheduled":"true","firebase-functions-hash":"9a9fd300643af6401a3a42489fb68ffb0556f66c"},"sourceUploadUrl":"https://storage.googleapis.com/uploads-906430938237.us-central1.cloudfunctions.appspot.com/1729faf4-c294-4440-9daf-2aea05da2daf.zip?GoogleAccessId=service-640231718439@gcf-admin-robot.iam.gserviceaccount.com&Expires=1735652670&Signature=UiI36d5smrkgiRdQups7zIESa4IwNw6L5SndGPF8rhgmOaQtSUv%2BtGWHHIkopn3vDCKsahTdl5itHh714Hon4YH8iNMIkVtXbvdI%2B6W6Dfjly7B82NT3%2BTXUv6KXU8BSPYwEQ5rnH%2Bs4aEIkH1UxEYtZoh2wR4rbnBRgOYL%2FHk2hKsrAqPHrFoRP0SGEcMsszB2o5Z7hji6LvgysAiTc7XDCMBrxjHVaY9QB5393NCSCEcvvzf0ER55XXx2LHoO%2BzOhthuMIvSiHtf%2BNB9r%2FNhDUpBHIgJRNPIrgFuWCLldkYxsnJDKZwcaYWNBdo57l51I%2FiaKdE4tTsCWyYqv5bw%3D%3D","environmentVariables":{"FIREBASE_CONFIG":"{\"projectId\":\"twotwentyfive-3acb1\",\"storageBucket\":\"twotwentyfive-3acb1.firebasestorage.app\"}","GCLOUD_PROJECT":"twotwentyfive-3acb1","EVENTARC_CLOUD_EVENT_SOURCE":"projects/twotwentyfive-3acb1/locations/us-central1/functions/sendWorkoutReminders"},"runtime":"nodejs22","buildId":"86625721-b576-4148-a4e6-c14968246a15","buildEnvironmentVariables":{"GOOGLE_NODE_RUN_SCRIPTS":""},"buildName":"projects/640231718439/locations/us-central1/builds/86625721-b576-4148-a4e6-c14968246a15","dockerRegistry":"ARTIFACT_REGISTRY","automaticUpdatePolicy":{},"buildServiceAccount":"projects/twotwentyfive-3acb1/serviceAccounts/640231718439-compute@developer.gserviceaccount.com"},"versionId":"7","updateTime":"2024-12-31T13:14:32Z","buildId":"6d0cab58-9f48-4338-a5a1-8ff1b3de9adb","buildName":"projects/640231718439/locations/us-central1/builds/6d0cab58-9f48-4338-a5a1-8ff1b3de9adb"}}
[debug] [2024-12-31T13:15:23.042Z] [update-default-us-central1-sendWorkoutReminders] Retrying task index 0
[debug] [2024-12-31T13:15:23.046Z] Checked if tokens are valid: true, expires at: 1735652572396
[debug] [2024-12-31T13:15:23.046Z] Checked if tokens are valid: true, expires at: 1735652572396
[debug] [2024-12-31T13:15:23.048Z] >>> [apiv2][query] GET https://cloudfunctions.googleapis.com/v1/operations/dHdvdHdlbnR5Zml2ZS0zYWNiMS91cy1jZW50cmFsMS9zZW5kV29ya291dFJlbWluZGVycy9LV0lKVU14Z3BSTQ [none]
[debug] [2024-12-31T13:15:28.400Z] <<< [apiv2][status] GET https://cloudfunctions.googleapis.com/v1/operations/dHdvdHdlbnR5Zml2ZS0zYWNiMS91cy1jZW50cmFsMS9zZW5kV29ya291dFJlbWluZGVycy9LV0lKVU14Z3BSTQ 200
[debug] [2024-12-31T13:15:28.400Z] <<< [apiv2][body] GET https://cloudfunctions.googleapis.com/v1/operations/dHdvdHdlbnR5Zml2ZS0zYWNiMS91cy1jZW50cmFsMS9zZW5kV29ya291dFJlbWluZGVycy9LV0lKVU14Z3BSTQ {"name":"operations/dHdvdHdlbnR5Zml2ZS0zYWNiMS91cy1jZW50cmFsMS9zZW5kV29ya291dFJlbWluZGVycy9LV0lKVU14Z3BSTQ","metadata":{"@type":"type.googleapis.com/google.cloud.functions.v1.OperationMetadataV1","target":"projects/twotwentyfive-3acb1/locations/us-central1/functions/sendWorkoutReminders","type":"UPDATE_FUNCTION","request":{"@type":"type.googleapis.com/google.cloud.functions.v1.CloudFunction","name":"projects/twotwentyfive-3acb1/locations/us-central1/functions/sendWorkoutReminders","eventTrigger":{"eventType":"google.pubsub.topic.publish","resource":"projects/twotwentyfive-3acb1/topics/firebase-schedule-sendWorkoutReminders-us-central1","service":"pubsub.googleapis.com","failurePolicy":{}},"status":"ACTIVE","entryPoint":"sendWorkoutReminders","updateTime":"2024-12-31T07:24:53.950Z","versionId":"2","labels":{"deployment-tool":"cli-firebase","deployment-scheduled":"true","firebase-functions-hash":"9a9fd300643af6401a3a42489fb68ffb0556f66c"},"sourceUploadUrl":"https://storage.googleapis.com/uploads-906430938237.us-central1.cloudfunctions.appspot.com/1729faf4-c294-4440-9daf-2aea05da2daf.zip?GoogleAccessId=service-640231718439@gcf-admin-robot.iam.gserviceaccount.com&Expires=1735652670&Signature=UiI36d5smrkgiRdQups7zIESa4IwNw6L5SndGPF8rhgmOaQtSUv%2BtGWHHIkopn3vDCKsahTdl5itHh714Hon4YH8iNMIkVtXbvdI%2B6W6Dfjly7B82NT3%2BTXUv6KXU8BSPYwEQ5rnH%2Bs4aEIkH1UxEYtZoh2wR4rbnBRgOYL%2FHk2hKsrAqPHrFoRP0SGEcMsszB2o5Z7hji6LvgysAiTc7XDCMBrxjHVaY9QB5393NCSCEcvvzf0ER55XXx2LHoO%2BzOhthuMIvSiHtf%2BNB9r%2FNhDUpBHIgJRNPIrgFuWCLldkYxsnJDKZwcaYWNBdo57l51I%2FiaKdE4tTsCWyYqv5bw%3D%3D","environmentVariables":{"FIREBASE_CONFIG":"{\"projectId\":\"twotwentyfive-3acb1\",\"storageBucket\":\"twotwentyfive-3acb1.firebasestorage.app\"}","GCLOUD_PROJECT":"twotwentyfive-3acb1","EVENTARC_CLOUD_EVENT_SOURCE":"projects/twotwentyfive-3acb1/locations/us-central1/functions/sendWorkoutReminders"},"runtime":"nodejs22","buildId":"86625721-b576-4148-a4e6-c14968246a15","buildEnvironmentVariables":{"GOOGLE_NODE_RUN_SCRIPTS":""},"buildName":"projects/640231718439/locations/us-central1/builds/86625721-b576-4148-a4e6-c14968246a15","dockerRegistry":"ARTIFACT_REGISTRY","automaticUpdatePolicy":{},"buildServiceAccount":"projects/twotwentyfive-3acb1/serviceAccounts/640231718439-compute@developer.gserviceaccount.com"},"versionId":"7","updateTime":"2024-12-31T13:14:32Z","buildId":"6d0cab58-9f48-4338-a5a1-8ff1b3de9adb","buildName":"projects/640231718439/locations/us-central1/builds/6d0cab58-9f48-4338-a5a1-8ff1b3de9adb"}}
[debug] [2024-12-31T13:15:38.401Z] [update-default-us-central1-sendWorkoutReminders] Retrying task index 0
[debug] [2024-12-31T13:15:38.401Z] Checked if tokens are valid: true, expires at: 1735652572396
[debug] [2024-12-31T13:15:38.401Z] Checked if tokens are valid: true, expires at: 1735652572396
[debug] [2024-12-31T13:15:38.401Z] >>> [apiv2][query] GET https://cloudfunctions.googleapis.com/v1/operations/dHdvdHdlbnR5Zml2ZS0zYWNiMS91cy1jZW50cmFsMS9zZW5kV29ya291dFJlbWluZGVycy9LV0lKVU14Z3BSTQ [none]
[debug] [2024-12-31T13:15:39.208Z] <<< [apiv2][status] GET https://cloudfunctions.googleapis.com/v1/operations/dHdvdHdlbnR5Zml2ZS0zYWNiMS91cy1jZW50cmFsMS9zZW5kV29ya291dFJlbWluZGVycy9LV0lKVU14Z3BSTQ 200
[debug] [2024-12-31T13:15:39.208Z] <<< [apiv2][body] GET https://cloudfunctions.googleapis.com/v1/operations/dHdvdHdlbnR5Zml2ZS0zYWNiMS91cy1jZW50cmFsMS9zZW5kV29ya291dFJlbWluZGVycy9LV0lKVU14Z3BSTQ {"name":"operations/dHdvdHdlbnR5Zml2ZS0zYWNiMS91cy1jZW50cmFsMS9zZW5kV29ya291dFJlbWluZGVycy9LV0lKVU14Z3BSTQ","metadata":{"@type":"type.googleapis.com/google.cloud.functions.v1.OperationMetadataV1","target":"projects/twotwentyfive-3acb1/locations/us-central1/functions/sendWorkoutReminders","type":"UPDATE_FUNCTION","request":{"@type":"type.googleapis.com/google.cloud.functions.v1.CloudFunction","name":"projects/twotwentyfive-3acb1/locations/us-central1/functions/sendWorkoutReminders","eventTrigger":{"eventType":"google.pubsub.topic.publish","resource":"projects/twotwentyfive-3acb1/topics/firebase-schedule-sendWorkoutReminders-us-central1","service":"pubsub.googleapis.com","failurePolicy":{}},"status":"ACTIVE","entryPoint":"sendWorkoutReminders","updateTime":"2024-12-31T07:24:53.950Z","versionId":"2","labels":{"deployment-tool":"cli-firebase","deployment-scheduled":"true","firebase-functions-hash":"9a9fd300643af6401a3a42489fb68ffb0556f66c"},"sourceUploadUrl":"https://storage.googleapis.com/uploads-906430938237.us-central1.cloudfunctions.appspot.com/1729faf4-c294-4440-9daf-2aea05da2daf.zip?GoogleAccessId=service-640231718439@gcf-admin-robot.iam.gserviceaccount.com&Expires=1735652670&Signature=UiI36d5smrkgiRdQups7zIESa4IwNw6L5SndGPF8rhgmOaQtSUv%2BtGWHHIkopn3vDCKsahTdl5itHh714Hon4YH8iNMIkVtXbvdI%2B6W6Dfjly7B82NT3%2BTXUv6KXU8BSPYwEQ5rnH%2Bs4aEIkH1UxEYtZoh2wR4rbnBRgOYL%2FHk2hKsrAqPHrFoRP0SGEcMsszB2o5Z7hji6LvgysAiTc7XDCMBrxjHVaY9QB5393NCSCEcvvzf0ER55XXx2LHoO%2BzOhthuMIvSiHtf%2BNB9r%2FNhDUpBHIgJRNPIrgFuWCLldkYxsnJDKZwcaYWNBdo57l51I%2FiaKdE4tTsCWyYqv5bw%3D%3D","environmentVariables":{"FIREBASE_CONFIG":"{\"projectId\":\"twotwentyfive-3acb1\",\"storageBucket\":\"twotwentyfive-3acb1.firebasestorage.app\"}","GCLOUD_PROJECT":"twotwentyfive-3acb1","EVENTARC_CLOUD_EVENT_SOURCE":"projects/twotwentyfive-3acb1/locations/us-central1/functions/sendWorkoutReminders"},"runtime":"nodejs22","buildId":"86625721-b576-4148-a4e6-c14968246a15","buildEnvironmentVariables":{"GOOGLE_NODE_RUN_SCRIPTS":""},"buildName":"projects/640231718439/locations/us-central1/builds/86625721-b576-4148-a4e6-c14968246a15","dockerRegistry":"ARTIFACT_REGISTRY","automaticUpdatePolicy":{},"buildServiceAccount":"projects/twotwentyfive-3acb1/serviceAccounts/640231718439-compute@developer.gserviceaccount.com"},"versionId":"7","updateTime":"2024-12-31T13:14:32Z","buildId":"6d0cab58-9f48-4338-a5a1-8ff1b3de9adb","buildName":"projects/640231718439/locations/us-central1/builds/6d0cab58-9f48-4338-a5a1-8ff1b3de9adb"}}
[debug] [2024-12-31T13:15:49.210Z] [update-default-us-central1-sendWorkoutReminders] Retrying task index 0
[debug] [2024-12-31T13:15:49.210Z] Checked if tokens are valid: true, expires at: 1735652572396
[debug] [2024-12-31T13:15:49.210Z] Checked if tokens are valid: true, expires at: 1735652572396
[debug] [2024-12-31T13:15:49.210Z] >>> [apiv2][query] GET https://cloudfunctions.googleapis.com/v1/operations/dHdvdHdlbnR5Zml2ZS0zYWNiMS91cy1jZW50cmFsMS9zZW5kV29ya291dFJlbWluZGVycy9LV0lKVU14Z3BSTQ [none]
[debug] [2024-12-31T13:15:50.021Z] <<< [apiv2][status] GET https://cloudfunctions.googleapis.com/v1/operations/dHdvdHdlbnR5Zml2ZS0zYWNiMS91cy1jZW50cmFsMS9zZW5kV29ya291dFJlbWluZGVycy9LV0lKVU14Z3BSTQ 200
[debug] [2024-12-31T13:15:50.022Z] <<< [apiv2][body] GET https://cloudfunctions.googleapis.com/v1/operations/dHdvdHdlbnR5Zml2ZS0zYWNiMS91cy1jZW50cmFsMS9zZW5kV29ya291dFJlbWluZGVycy9LV0lKVU14Z3BSTQ {"name":"operations/dHdvdHdlbnR5Zml2ZS0zYWNiMS91cy1jZW50cmFsMS9zZW5kV29ya291dFJlbWluZGVycy9LV0lKVU14Z3BSTQ","metadata":{"@type":"type.googleapis.com/google.cloud.functions.v1.OperationMetadataV1","target":"projects/twotwentyfive-3acb1/locations/us-central1/functions/sendWorkoutReminders","type":"UPDATE_FUNCTION","request":{"@type":"type.googleapis.com/google.cloud.functions.v1.CloudFunction","name":"projects/twotwentyfive-3acb1/locations/us-central1/functions/sendWorkoutReminders","eventTrigger":{"eventType":"google.pubsub.topic.publish","resource":"projects/twotwentyfive-3acb1/topics/firebase-schedule-sendWorkoutReminders-us-central1","service":"pubsub.googleapis.com","failurePolicy":{}},"status":"ACTIVE","entryPoint":"sendWorkoutReminders","updateTime":"2024-12-31T07:24:53.950Z","versionId":"2","labels":{"deployment-tool":"cli-firebase","deployment-scheduled":"true","firebase-functions-hash":"9a9fd300643af6401a3a42489fb68ffb0556f66c"},"sourceUploadUrl":"https://storage.googleapis.com/uploads-906430938237.us-central1.cloudfunctions.appspot.com/1729faf4-c294-4440-9daf-2aea05da2daf.zip?GoogleAccessId=service-640231718439@gcf-admin-robot.iam.gserviceaccount.com&Expires=1735652670&Signature=UiI36d5smrkgiRdQups7zIESa4IwNw6L5SndGPF8rhgmOaQtSUv%2BtGWHHIkopn3vDCKsahTdl5itHh714Hon4YH8iNMIkVtXbvdI%2B6W6Dfjly7B82NT3%2BTXUv6KXU8BSPYwEQ5rnH%2Bs4aEIkH1UxEYtZoh2wR4rbnBRgOYL%2FHk2hKsrAqPHrFoRP0SGEcMsszB2o5Z7hji6LvgysAiTc7XDCMBrxjHVaY9QB5393NCSCEcvvzf0ER55XXx2LHoO%2BzOhthuMIvSiHtf%2BNB9r%2FNhDUpBHIgJRNPIrgFuWCLldkYxsnJDKZwcaYWNBdo57l51I%2FiaKdE4tTsCWyYqv5bw%3D%3D","environmentVariables":{"FIREBASE_CONFIG":"{\"projectId\":\"twotwentyfive-3acb1\",\"storageBucket\":\"twotwentyfive-3acb1.firebasestorage.app\"}","GCLOUD_PROJECT":"twotwentyfive-3acb1","EVENTARC_CLOUD_EVENT_SOURCE":"projects/twotwentyfive-3acb1/locations/us-central1/functions/sendWorkoutReminders"},"runtime":"nodejs22","buildId":"86625721-b576-4148-a4e6-c14968246a15","buildEnvironmentVariables":{"GOOGLE_NODE_RUN_SCRIPTS":""},"buildName":"projects/640231718439/locations/us-central1/builds/86625721-b576-4148-a4e6-c14968246a15","dockerRegistry":"ARTIFACT_REGISTRY","automaticUpdatePolicy":{},"buildServiceAccount":"projects/twotwentyfive-3acb1/serviceAccounts/640231718439-compute@developer.gserviceaccount.com"},"versionId":"7","updateTime":"2024-12-31T13:14:32Z","buildId":"6d0cab58-9f48-4338-a5a1-8ff1b3de9adb","buildName":"projects/640231718439/locations/us-central1/builds/6d0cab58-9f48-4338-a5a1-8ff1b3de9adb"}}
[debug] [2024-12-31T13:16:00.024Z] [update-default-us-central1-sendWorkoutReminders] Retrying task index 0
[debug] [2024-12-31T13:16:00.030Z] Checked if tokens are valid: true, expires at: 1735652572396
[debug] [2024-12-31T13:16:00.030Z] Checked if tokens are valid: true, expires at: 1735652572396
[debug] [2024-12-31T13:16:00.031Z] >>> [apiv2][query] GET https://cloudfunctions.googleapis.com/v1/operations/dHdvdHdlbnR5Zml2ZS0zYWNiMS91cy1jZW50cmFsMS9zZW5kV29ya291dFJlbWluZGVycy9LV0lKVU14Z3BSTQ [none]
[debug] [2024-12-31T13:16:01.316Z] <<< [apiv2][status] GET https://cloudfunctions.googleapis.com/v1/operations/dHdvdHdlbnR5Zml2ZS0zYWNiMS91cy1jZW50cmFsMS9zZW5kV29ya291dFJlbWluZGVycy9LV0lKVU14Z3BSTQ 200
[debug] [2024-12-31T13:16:01.316Z] <<< [apiv2][body] GET https://cloudfunctions.googleapis.com/v1/operations/dHdvdHdlbnR5Zml2ZS0zYWNiMS91cy1jZW50cmFsMS9zZW5kV29ya291dFJlbWluZGVycy9LV0lKVU14Z3BSTQ {"name":"operations/dHdvdHdlbnR5Zml2ZS0zYWNiMS91cy1jZW50cmFsMS9zZW5kV29ya291dFJlbWluZGVycy9LV0lKVU14Z3BSTQ","metadata":{"@type":"type.googleapis.com/google.cloud.functions.v1.OperationMetadataV1","target":"projects/twotwentyfive-3acb1/locations/us-central1/functions/sendWorkoutReminders","type":"UPDATE_FUNCTION","request":{"@type":"type.googleapis.com/google.cloud.functions.v1.CloudFunction","name":"projects/twotwentyfive-3acb1/locations/us-central1/functions/sendWorkoutReminders","eventTrigger":{"eventType":"google.pubsub.topic.publish","resource":"projects/twotwentyfive-3acb1/topics/firebase-schedule-sendWorkoutReminders-us-central1","service":"pubsub.googleapis.com","failurePolicy":{}},"status":"ACTIVE","entryPoint":"sendWorkoutReminders","updateTime":"2024-12-31T07:24:53.950Z","versionId":"2","labels":{"deployment-tool":"cli-firebase","deployment-scheduled":"true","firebase-functions-hash":"9a9fd300643af6401a3a42489fb68ffb0556f66c"},"sourceUploadUrl":"https://storage.googleapis.com/uploads-906430938237.us-central1.cloudfunctions.appspot.com/1729faf4-c294-4440-9daf-2aea05da2daf.zip?GoogleAccessId=service-640231718439@gcf-admin-robot.iam.gserviceaccount.com&Expires=1735652670&Signature=UiI36d5smrkgiRdQups7zIESa4IwNw6L5SndGPF8rhgmOaQtSUv%2BtGWHHIkopn3vDCKsahTdl5itHh714Hon4YH8iNMIkVtXbvdI%2B6W6Dfjly7B82NT3%2BTXUv6KXU8BSPYwEQ5rnH%2Bs4aEIkH1UxEYtZoh2wR4rbnBRgOYL%2FHk2hKsrAqPHrFoRP0SGEcMsszB2o5Z7hji6LvgysAiTc7XDCMBrxjHVaY9QB5393NCSCEcvvzf0ER55XXx2LHoO%2BzOhthuMIvSiHtf%2BNB9r%2FNhDUpBHIgJRNPIrgFuWCLldkYxsnJDKZwcaYWNBdo57l51I%2FiaKdE4tTsCWyYqv5bw%3D%3D","environmentVariables":{"FIREBASE_CONFIG":"{\"projectId\":\"twotwentyfive-3acb1\",\"storageBucket\":\"twotwentyfive-3acb1.firebasestorage.app\"}","GCLOUD_PROJECT":"twotwentyfive-3acb1","EVENTARC_CLOUD_EVENT_SOURCE":"projects/twotwentyfive-3acb1/locations/us-central1/functions/sendWorkoutReminders"},"runtime":"nodejs22","buildId":"86625721-b576-4148-a4e6-c14968246a15","buildEnvironmentVariables":{"GOOGLE_NODE_RUN_SCRIPTS":""},"buildName":"projects/640231718439/locations/us-central1/builds/86625721-b576-4148-a4e6-c14968246a15","dockerRegistry":"ARTIFACT_REGISTRY","automaticUpdatePolicy":{},"buildServiceAccount":"projects/twotwentyfive-3acb1/serviceAccounts/640231718439-compute@developer.gserviceaccount.com"},"versionId":"7","updateTime":"2024-12-31T13:14:32Z","buildId":"6d0cab58-9f48-4338-a5a1-8ff1b3de9adb","buildName":"projects/640231718439/locations/us-central1/builds/6d0cab58-9f48-4338-a5a1-8ff1b3de9adb"}}
[debug] [2024-12-31T13:16:11.334Z] [update-default-us-central1-sendWorkoutReminders] Retrying task index 0
[debug] [2024-12-31T13:16:11.335Z] Checked if tokens are valid: true, expires at: 1735652572396
[debug] [2024-12-31T13:16:11.335Z] Checked if tokens are valid: true, expires at: 1735652572396
[debug] [2024-12-31T13:16:11.335Z] >>> [apiv2][query] GET https://cloudfunctions.googleapis.com/v1/operations/dHdvdHdlbnR5Zml2ZS0zYWNiMS91cy1jZW50cmFsMS9zZW5kV29ya291dFJlbWluZGVycy9LV0lKVU14Z3BSTQ [none]
[debug] [2024-12-31T13:16:12.099Z] <<< [apiv2][status] GET https://cloudfunctions.googleapis.com/v1/operations/dHdvdHdlbnR5Zml2ZS0zYWNiMS91cy1jZW50cmFsMS9zZW5kV29ya291dFJlbWluZGVycy9LV0lKVU14Z3BSTQ 200
[debug] [2024-12-31T13:16:12.099Z] <<< [apiv2][body] GET https://cloudfunctions.googleapis.com/v1/operations/dHdvdHdlbnR5Zml2ZS0zYWNiMS91cy1jZW50cmFsMS9zZW5kV29ya291dFJlbWluZGVycy9LV0lKVU14Z3BSTQ {"name":"operations/dHdvdHdlbnR5Zml2ZS0zYWNiMS91cy1jZW50cmFsMS9zZW5kV29ya291dFJlbWluZGVycy9LV0lKVU14Z3BSTQ","metadata":{"@type":"type.googleapis.com/google.cloud.functions.v1.OperationMetadataV1","target":"projects/twotwentyfive-3acb1/locations/us-central1/functions/sendWorkoutReminders","type":"UPDATE_FUNCTION","request":{"@type":"type.googleapis.com/google.cloud.functions.v1.CloudFunction","name":"projects/twotwentyfive-3acb1/locations/us-central1/functions/sendWorkoutReminders","eventTrigger":{"eventType":"google.pubsub.topic.publish","resource":"projects/twotwentyfive-3acb1/topics/firebase-schedule-sendWorkoutReminders-us-central1","service":"pubsub.googleapis.com","failurePolicy":{}},"status":"ACTIVE","entryPoint":"sendWorkoutReminders","updateTime":"2024-12-31T07:24:53.950Z","versionId":"2","labels":{"deployment-tool":"cli-firebase","deployment-scheduled":"true","firebase-functions-hash":"9a9fd300643af6401a3a42489fb68ffb0556f66c"},"sourceUploadUrl":"https://storage.googleapis.com/uploads-906430938237.us-central1.cloudfunctions.appspot.com/1729faf4-c294-4440-9daf-2aea05da2daf.zip?GoogleAccessId=service-640231718439@gcf-admin-robot.iam.gserviceaccount.com&Expires=1735652670&Signature=UiI36d5smrkgiRdQups7zIESa4IwNw6L5SndGPF8rhgmOaQtSUv%2BtGWHHIkopn3vDCKsahTdl5itHh714Hon4YH8iNMIkVtXbvdI%2B6W6Dfjly7B82NT3%2BTXUv6KXU8BSPYwEQ5rnH%2Bs4aEIkH1UxEYtZoh2wR4rbnBRgOYL%2FHk2hKsrAqPHrFoRP0SGEcMsszB2o5Z7hji6LvgysAiTc7XDCMBrxjHVaY9QB5393NCSCEcvvzf0ER55XXx2LHoO%2BzOhthuMIvSiHtf%2BNB9r%2FNhDUpBHIgJRNPIrgFuWCLldkYxsnJDKZwcaYWNBdo57l51I%2FiaKdE4tTsCWyYqv5bw%3D%3D","environmentVariables":{"FIREBASE_CONFIG":"{\"projectId\":\"twotwentyfive-3acb1\",\"storageBucket\":\"twotwentyfive-3acb1.firebasestorage.app\"}","GCLOUD_PROJECT":"twotwentyfive-3acb1","EVENTARC_CLOUD_EVENT_SOURCE":"projects/twotwentyfive-3acb1/locations/us-central1/functions/sendWorkoutReminders"},"runtime":"nodejs22","buildId":"86625721-b576-4148-a4e6-c14968246a15","buildEnvironmentVariables":{"GOOGLE_NODE_RUN_SCRIPTS":""},"buildName":"projects/640231718439/locations/us-central1/builds/86625721-b576-4148-a4e6-c14968246a15","dockerRegistry":"ARTIFACT_REGISTRY","automaticUpdatePolicy":{},"buildServiceAccount":"projects/twotwentyfive-3acb1/serviceAccounts/640231718439-compute@developer.gserviceaccount.com"},"versionId":"7","updateTime":"2024-12-31T13:14:32Z","buildId":"6d0cab58-9f48-4338-a5a1-8ff1b3de9adb","sourceToken":"b74123aa-bcb3-4236-91d5-a211d94897f8","buildName":"projects/640231718439/locations/us-central1/builds/6d0cab58-9f48-4338-a5a1-8ff1b3de9adb"}}
[debug] [2024-12-31T13:16:12.099Z] Got source token b74123aa-bcb3-4236-91d5-a211d94897f8 for region us-central1
[debug] [2024-12-31T13:16:22.100Z] [update-default-us-central1-sendWorkoutReminders] Retrying task index 0
[debug] [2024-12-31T13:16:22.105Z] Checked if tokens are valid: true, expires at: 1735652572396
[debug] [2024-12-31T13:16:22.105Z] Checked if tokens are valid: true, expires at: 1735652572396
[debug] [2024-12-31T13:16:22.105Z] >>> [apiv2][query] GET https://cloudfunctions.googleapis.com/v1/operations/dHdvdHdlbnR5Zml2ZS0zYWNiMS91cy1jZW50cmFsMS9zZW5kV29ya291dFJlbWluZGVycy9LV0lKVU14Z3BSTQ [none]
[debug] [2024-12-31T13:16:22.904Z] <<< [apiv2][status] GET https://cloudfunctions.googleapis.com/v1/operations/dHdvdHdlbnR5Zml2ZS0zYWNiMS91cy1jZW50cmFsMS9zZW5kV29ya291dFJlbWluZGVycy9LV0lKVU14Z3BSTQ 200
[debug] [2024-12-31T13:16:22.904Z] <<< [apiv2][body] GET https://cloudfunctions.googleapis.com/v1/operations/dHdvdHdlbnR5Zml2ZS0zYWNiMS91cy1jZW50cmFsMS9zZW5kV29ya291dFJlbWluZGVycy9LV0lKVU14Z3BSTQ {"name":"operations/dHdvdHdlbnR5Zml2ZS0zYWNiMS91cy1jZW50cmFsMS9zZW5kV29ya291dFJlbWluZGVycy9LV0lKVU14Z3BSTQ","metadata":{"@type":"type.googleapis.com/google.cloud.functions.v1.OperationMetadataV1","target":"projects/twotwentyfive-3acb1/locations/us-central1/functions/sendWorkoutReminders","type":"UPDATE_FUNCTION","request":{"@type":"type.googleapis.com/google.cloud.functions.v1.CloudFunction","name":"projects/twotwentyfive-3acb1/locations/us-central1/functions/sendWorkoutReminders","eventTrigger":{"eventType":"google.pubsub.topic.publish","resource":"projects/twotwentyfive-3acb1/topics/firebase-schedule-sendWorkoutReminders-us-central1","service":"pubsub.googleapis.com","failurePolicy":{}},"status":"ACTIVE","entryPoint":"sendWorkoutReminders","updateTime":"2024-12-31T07:24:53.950Z","versionId":"2","labels":{"deployment-tool":"cli-firebase","deployment-scheduled":"true","firebase-functions-hash":"9a9fd300643af6401a3a42489fb68ffb0556f66c"},"sourceUploadUrl":"https://storage.googleapis.com/uploads-906430938237.us-central1.cloudfunctions.appspot.com/1729faf4-c294-4440-9daf-2aea05da2daf.zip?GoogleAccessId=service-640231718439@gcf-admin-robot.iam.gserviceaccount.com&Expires=1735652670&Signature=UiI36d5smrkgiRdQups7zIESa4IwNw6L5SndGPF8rhgmOaQtSUv%2BtGWHHIkopn3vDCKsahTdl5itHh714Hon4YH8iNMIkVtXbvdI%2B6W6Dfjly7B82NT3%2BTXUv6KXU8BSPYwEQ5rnH%2Bs4aEIkH1UxEYtZoh2wR4rbnBRgOYL%2FHk2hKsrAqPHrFoRP0SGEcMsszB2o5Z7hji6LvgysAiTc7XDCMBrxjHVaY9QB5393NCSCEcvvzf0ER55XXx2LHoO%2BzOhthuMIvSiHtf%2BNB9r%2FNhDUpBHIgJRNPIrgFuWCLldkYxsnJDKZwcaYWNBdo57l51I%2FiaKdE4tTsCWyYqv5bw%3D%3D","environmentVariables":{"FIREBASE_CONFIG":"{\"projectId\":\"twotwentyfive-3acb1\",\"storageBucket\":\"twotwentyfive-3acb1.firebasestorage.app\"}","GCLOUD_PROJECT":"twotwentyfive-3acb1","EVENTARC_CLOUD_EVENT_SOURCE":"projects/twotwentyfive-3acb1/locations/us-central1/functions/sendWorkoutReminders"},"runtime":"nodejs22","buildId":"86625721-b576-4148-a4e6-c14968246a15","buildEnvironmentVariables":{"GOOGLE_NODE_RUN_SCRIPTS":""},"buildName":"projects/640231718439/locations/us-central1/builds/86625721-b576-4148-a4e6-c14968246a15","dockerRegistry":"ARTIFACT_REGISTRY","automaticUpdatePolicy":{},"buildServiceAccount":"projects/twotwentyfive-3acb1/serviceAccounts/640231718439-compute@developer.gserviceaccount.com"},"versionId":"7","updateTime":"2024-12-31T13:14:32Z","buildId":"6d0cab58-9f48-4338-a5a1-8ff1b3de9adb","sourceToken":"b74123aa-bcb3-4236-91d5-a211d94897f8","buildName":"projects/640231718439/locations/us-central1/builds/6d0cab58-9f48-4338-a5a1-8ff1b3de9adb"}}
[debug] [2024-12-31T13:16:22.904Z] Got source token b74123aa-bcb3-4236-91d5-a211d94897f8 for region us-central1
[debug] [2024-12-31T13:16:32.904Z] [update-default-us-central1-sendWorkoutReminders] Retrying task index 0
[debug] [2024-12-31T13:16:32.905Z] Checked if tokens are valid: true, expires at: 1735652572396
[debug] [2024-12-31T13:16:32.905Z] Checked if tokens are valid: true, expires at: 1735652572396
[debug] [2024-12-31T13:16:32.905Z] >>> [apiv2][query] GET https://cloudfunctions.googleapis.com/v1/operations/dHdvdHdlbnR5Zml2ZS0zYWNiMS91cy1jZW50cmFsMS9zZW5kV29ya291dFJlbWluZGVycy9LV0lKVU14Z3BSTQ [none]
[debug] [2024-12-31T13:16:33.738Z] <<< [apiv2][status] GET https://cloudfunctions.googleapis.com/v1/operations/dHdvdHdlbnR5Zml2ZS0zYWNiMS91cy1jZW50cmFsMS9zZW5kV29ya291dFJlbWluZGVycy9LV0lKVU14Z3BSTQ 200
[debug] [2024-12-31T13:16:33.738Z] <<< [apiv2][body] GET https://cloudfunctions.googleapis.com/v1/operations/dHdvdHdlbnR5Zml2ZS0zYWNiMS91cy1jZW50cmFsMS9zZW5kV29ya291dFJlbWluZGVycy9LV0lKVU14Z3BSTQ {"name":"operations/dHdvdHdlbnR5Zml2ZS0zYWNiMS91cy1jZW50cmFsMS9zZW5kV29ya291dFJlbWluZGVycy9LV0lKVU14Z3BSTQ","metadata":{"@type":"type.googleapis.com/google.cloud.functions.v1.OperationMetadataV1","target":"projects/twotwentyfive-3acb1/locations/us-central1/functions/sendWorkoutReminders","type":"UPDATE_FUNCTION","request":{"@type":"type.googleapis.com/google.cloud.functions.v1.CloudFunction","name":"projects/twotwentyfive-3acb1/locations/us-central1/functions/sendWorkoutReminders","eventTrigger":{"eventType":"google.pubsub.topic.publish","resource":"projects/twotwentyfive-3acb1/topics/firebase-schedule-sendWorkoutReminders-us-central1","service":"pubsub.googleapis.com","failurePolicy":{}},"status":"ACTIVE","entryPoint":"sendWorkoutReminders","updateTime":"2024-12-31T07:24:53.950Z","versionId":"2","labels":{"deployment-tool":"cli-firebase","deployment-scheduled":"true","firebase-functions-hash":"9a9fd300643af6401a3a42489fb68ffb0556f66c"},"sourceUploadUrl":"https://storage.googleapis.com/uploads-906430938237.us-central1.cloudfunctions.appspot.com/1729faf4-c294-4440-9daf-2aea05da2daf.zip?GoogleAccessId=service-640231718439@gcf-admin-robot.iam.gserviceaccount.com&Expires=1735652670&Signature=UiI36d5smrkgiRdQups7zIESa4IwNw6L5SndGPF8rhgmOaQtSUv%2BtGWHHIkopn3vDCKsahTdl5itHh714Hon4YH8iNMIkVtXbvdI%2B6W6Dfjly7B82NT3%2BTXUv6KXU8BSPYwEQ5rnH%2Bs4aEIkH1UxEYtZoh2wR4rbnBRgOYL%2FHk2hKsrAqPHrFoRP0SGEcMsszB2o5Z7hji6LvgysAiTc7XDCMBrxjHVaY9QB5393NCSCEcvvzf0ER55XXx2LHoO%2BzOhthuMIvSiHtf%2BNB9r%2FNhDUpBHIgJRNPIrgFuWCLldkYxsnJDKZwcaYWNBdo57l51I%2FiaKdE4tTsCWyYqv5bw%3D%3D","environmentVariables":{"FIREBASE_CONFIG":"{\"projectId\":\"twotwentyfive-3acb1\",\"storageBucket\":\"twotwentyfive-3acb1.firebasestorage.app\"}","GCLOUD_PROJECT":"twotwentyfive-3acb1","EVENTARC_CLOUD_EVENT_SOURCE":"projects/twotwentyfive-3acb1/locations/us-central1/functions/sendWorkoutReminders"},"runtime":"nodejs22","buildId":"86625721-b576-4148-a4e6-c14968246a15","buildEnvironmentVariables":{"GOOGLE_NODE_RUN_SCRIPTS":""},"buildName":"projects/640231718439/locations/us-central1/builds/86625721-b576-4148-a4e6-c14968246a15","dockerRegistry":"ARTIFACT_REGISTRY","automaticUpdatePolicy":{},"buildServiceAccount":"projects/twotwentyfive-3acb1/serviceAccounts/640231718439-compute@developer.gserviceaccount.com"},"versionId":"7","updateTime":"2024-12-31T13:14:32Z","buildId":"6d0cab58-9f48-4338-a5a1-8ff1b3de9adb","sourceToken":"b74123aa-bcb3-4236-91d5-a211d94897f8","buildName":"projects/640231718439/locations/us-central1/builds/6d0cab58-9f48-4338-a5a1-8ff1b3de9adb"}}
[debug] [2024-12-31T13:16:33.739Z] Got source token b74123aa-bcb3-4236-91d5-a211d94897f8 for region us-central1
[debug] [2024-12-31T13:16:43.739Z] [update-default-us-central1-sendWorkoutReminders] Retrying task index 0
[debug] [2024-12-31T13:16:43.740Z] Checked if tokens are valid: true, expires at: 1735652572396
[debug] [2024-12-31T13:16:43.740Z] Checked if tokens are valid: true, expires at: 1735652572396
[debug] [2024-12-31T13:16:43.740Z] >>> [apiv2][query] GET https://cloudfunctions.googleapis.com/v1/operations/dHdvdHdlbnR5Zml2ZS0zYWNiMS91cy1jZW50cmFsMS9zZW5kV29ya291dFJlbWluZGVycy9LV0lKVU14Z3BSTQ [none]
[debug] [2024-12-31T13:16:44.574Z] <<< [apiv2][status] GET https://cloudfunctions.googleapis.com/v1/operations/dHdvdHdlbnR5Zml2ZS0zYWNiMS91cy1jZW50cmFsMS9zZW5kV29ya291dFJlbWluZGVycy9LV0lKVU14Z3BSTQ 200
[debug] [2024-12-31T13:16:44.574Z] <<< [apiv2][body] GET https://cloudfunctions.googleapis.com/v1/operations/dHdvdHdlbnR5Zml2ZS0zYWNiMS91cy1jZW50cmFsMS9zZW5kV29ya291dFJlbWluZGVycy9LV0lKVU14Z3BSTQ {"name":"operations/dHdvdHdlbnR5Zml2ZS0zYWNiMS91cy1jZW50cmFsMS9zZW5kV29ya291dFJlbWluZGVycy9LV0lKVU14Z3BSTQ","metadata":{"@type":"type.googleapis.com/google.cloud.functions.v1.OperationMetadataV1","target":"projects/twotwentyfive-3acb1/locations/us-central1/functions/sendWorkoutReminders","type":"UPDATE_FUNCTION","request":{"@type":"type.googleapis.com/google.cloud.functions.v1.CloudFunction","name":"projects/twotwentyfive-3acb1/locations/us-central1/functions/sendWorkoutReminders","eventTrigger":{"eventType":"google.pubsub.topic.publish","resource":"projects/twotwentyfive-3acb1/topics/firebase-schedule-sendWorkoutReminders-us-central1","service":"pubsub.googleapis.com","failurePolicy":{}},"status":"ACTIVE","entryPoint":"sendWorkoutReminders","updateTime":"2024-12-31T07:24:53.950Z","versionId":"2","labels":{"deployment-tool":"cli-firebase","deployment-scheduled":"true","firebase-functions-hash":"9a9fd300643af6401a3a42489fb68ffb0556f66c"},"sourceUploadUrl":"https://storage.googleapis.com/uploads-906430938237.us-central1.cloudfunctions.appspot.com/1729faf4-c294-4440-9daf-2aea05da2daf.zip?GoogleAccessId=service-640231718439@gcf-admin-robot.iam.gserviceaccount.com&Expires=1735652670&Signature=UiI36d5smrkgiRdQups7zIESa4IwNw6L5SndGPF8rhgmOaQtSUv%2BtGWHHIkopn3vDCKsahTdl5itHh714Hon4YH8iNMIkVtXbvdI%2B6W6Dfjly7B82NT3%2BTXUv6KXU8BSPYwEQ5rnH%2Bs4aEIkH1UxEYtZoh2wR4rbnBRgOYL%2FHk2hKsrAqPHrFoRP0SGEcMsszB2o5Z7hji6LvgysAiTc7XDCMBrxjHVaY9QB5393NCSCEcvvzf0ER55XXx2LHoO%2BzOhthuMIvSiHtf%2BNB9r%2FNhDUpBHIgJRNPIrgFuWCLldkYxsnJDKZwcaYWNBdo57l51I%2FiaKdE4tTsCWyYqv5bw%3D%3D","environmentVariables":{"FIREBASE_CONFIG":"{\"projectId\":\"twotwentyfive-3acb1\",\"storageBucket\":\"twotwentyfive-3acb1.firebasestorage.app\"}","GCLOUD_PROJECT":"twotwentyfive-3acb1","EVENTARC_CLOUD_EVENT_SOURCE":"projects/twotwentyfive-3acb1/locations/us-central1/functions/sendWorkoutReminders"},"runtime":"nodejs22","buildId":"86625721-b576-4148-a4e6-c14968246a15","buildEnvironmentVariables":{"GOOGLE_NODE_RUN_SCRIPTS":""},"buildName":"projects/640231718439/locations/us-central1/builds/86625721-b576-4148-a4e6-c14968246a15","dockerRegistry":"ARTIFACT_REGISTRY","automaticUpdatePolicy":{},"buildServiceAccount":"projects/twotwentyfive-3acb1/serviceAccounts/640231718439-compute@developer.gserviceaccount.com"},"versionId":"7","updateTime":"2024-12-31T13:16:43Z","buildId":"6d0cab58-9f48-4338-a5a1-8ff1b3de9adb","sourceToken":"b74123aa-bcb3-4236-91d5-a211d94897f8","buildName":"projects/640231718439/locations/us-central1/builds/6d0cab58-9f48-4338-a5a1-8ff1b3de9adb"},"done":true,"response":{"@type":"type.googleapis.com/google.cloud.functions.v1.CloudFunction","name":"projects/twotwentyfive-3acb1/locations/us-central1/functions/sendWorkoutReminders","eventTrigger":{"eventType":"google.pubsub.topic.publish","resource":"projects/twotwentyfive-3acb1/topics/firebase-schedule-sendWorkoutReminders-us-central1","service":"pubsub.googleapis.com","failurePolicy":{}},"status":"ACTIVE","entryPoint":"sendWorkoutReminders","timeout":"60s","availableMemoryMb":256,"serviceAccountEmail":"twotwentyfive-3acb1@appspot.gserviceaccount.com","updateTime":"2024-12-31T13:16:43.198Z","versionId":"7","labels":{"deployment-tool":"cli-firebase","deployment-scheduled":"true","firebase-functions-hash":"9a9fd300643af6401a3a42489fb68ffb0556f66c"},"sourceUploadUrl":"https://storage.googleapis.com/uploads-906430938237.us-central1.cloudfunctions.appspot.com/1729faf4-c294-4440-9daf-2aea05da2daf.zip","environmentVariables":{"FIREBASE_CONFIG":"{\"projectId\":\"twotwentyfive-3acb1\",\"storageBucket\":\"twotwentyfive-3acb1.firebasestorage.app\"}","GCLOUD_PROJECT":"twotwentyfive-3acb1","EVENTARC_CLOUD_EVENT_SOURCE":"projects/twotwentyfive-3acb1/locations/us-central1/functions/sendWorkoutReminders"},"runtime":"nodejs22","maxInstances":3000,"ingressSettings":"ALLOW_ALL","buildId":"6d0cab58-9f48-4338-a5a1-8ff1b3de9adb","buildEnvironmentVariables":{"GOOGLE_NODE_RUN_SCRIPTS":""},"buildName":"projects/640231718439/locations/us-central1/builds/6d0cab58-9f48-4338-a5a1-8ff1b3de9adb","dockerRegistry":"ARTIFACT_REGISTRY","automaticUpdatePolicy":{},"buildServiceAccount":"projects/twotwentyfive-3acb1/serviceAccounts/640231718439-compute@developer.gserviceaccount.com"}}
[debug] [2024-12-31T13:16:44.575Z] Got source token b74123aa-bcb3-4236-91d5-a211d94897f8 for region us-central1
[debug] [2024-12-31T13:16:44.577Z] Checked if tokens are valid: true, expires at: 1735652572396
[debug] [2024-12-31T13:16:44.577Z] Checked if tokens are valid: true, expires at: 1735652572396
[debug] [2024-12-31T13:16:44.577Z] >>> [apiv2][query] GET https://cloudscheduler.googleapis.com/v1/projects/twotwentyfive-3acb1/locations/us-central1/jobs/firebase-schedule-sendWorkoutReminders-us-central1 [none]
[debug] [2024-12-31T13:16:48.132Z] <<< [apiv2][status] GET https://cloudscheduler.googleapis.com/v1/projects/twotwentyfive-3acb1/locations/us-central1/jobs/firebase-schedule-sendWorkoutReminders-us-central1 200
[debug] [2024-12-31T13:16:48.132Z] <<< [apiv2][body] GET https://cloudscheduler.googleapis.com/v1/projects/twotwentyfive-3acb1/locations/us-central1/jobs/firebase-schedule-sendWorkoutReminders-us-central1 {"name":"projects/twotwentyfive-3acb1/locations/us-central1/jobs/firebase-schedule-sendWorkoutReminders-us-central1","pubsubTarget":{"topicName":"projects/twotwentyfive-3acb1/topics/firebase-schedule-sendWorkoutReminders-us-central1","attributes":{"scheduled":"true"}},"userUpdateTime":"2024-12-31T07:25:09Z","state":"ENABLED","status":{},"scheduleTime":"2024-12-31T13:25:00.628008Z","lastAttemptTime":"2024-12-31T12:25:00.568166Z","retryConfig":{"maxRetryDuration":"0s","minBackoffDuration":"5s","maxBackoffDuration":"3600s","maxDoublings":5},"schedule":"every 1 hours","timeZone":"America/Los_Angeles"}
[debug] [2024-12-31T13:16:48.133Z] Checked if tokens are valid: true, expires at: 1735652572396
[debug] [2024-12-31T13:16:48.133Z] Checked if tokens are valid: true, expires at: 1735652572396
[debug] [2024-12-31T13:16:48.134Z] >>> [apiv2][query] PATCH https://cloudscheduler.googleapis.com/v1/projects/twotwentyfive-3acb1/locations/us-central1/jobs/firebase-schedule-sendWorkoutReminders-us-central1 updateMask=name%2CtimeZone%2CpubsubTarget%2Cschedule%2CretryConfig.maxDoublings%2CretryConfig.retryCount%2CretryConfig.maxBackoffDuration%2CretryConfig.minBackoffDuration%2CretryConfig.maxRetryDuration
[debug] [2024-12-31T13:16:48.134Z] >>> [apiv2][body] PATCH https://cloudscheduler.googleapis.com/v1/projects/twotwentyfive-3acb1/locations/us-central1/jobs/firebase-schedule-sendWorkoutReminders-us-central1 {"timeZone":"America/Los_Angeles","name":"projects/twotwentyfive-3acb1/locations/us-central1/jobs/firebase-schedule-sendWorkoutReminders-us-central1","pubsubTarget":{"topicName":"projects/twotwentyfive-3acb1/topics/firebase-schedule-sendWorkoutReminders-us-central1","attributes":{"scheduled":"true"}},"schedule":"every 1 hours","retryConfig":{"maxDoublings":null,"retryCount":null,"maxBackoffDuration":null,"minBackoffDuration":null,"maxRetryDuration":null}}
[debug] [2024-12-31T13:16:52.772Z] <<< [apiv2][status] PATCH https://cloudscheduler.googleapis.com/v1/projects/twotwentyfive-3acb1/locations/us-central1/jobs/firebase-schedule-sendWorkoutReminders-us-central1 200
[debug] [2024-12-31T13:16:52.772Z] <<< [apiv2][body] PATCH https://cloudscheduler.googleapis.com/v1/projects/twotwentyfive-3acb1/locations/us-central1/jobs/firebase-schedule-sendWorkoutReminders-us-central1 {"name":"projects/twotwentyfive-3acb1/locations/us-central1/jobs/firebase-schedule-sendWorkoutReminders-us-central1","pubsubTarget":{"topicName":"projects/twotwentyfive-3acb1/topics/firebase-schedule-sendWorkoutReminders-us-central1","attributes":{"scheduled":"true"}},"userUpdateTime":"2024-12-31T13:16:53Z","state":"ENABLED","scheduleTime":"2024-12-31T13:25:00.628008Z","lastAttemptTime":"2024-12-31T12:25:00.568166Z","retryConfig":{"maxRetryDuration":"0s","minBackoffDuration":"5s","maxBackoffDuration":"3600s","maxDoublings":5},"schedule":"every 1 hours","timeZone":"America/Los_Angeles"}
[debug] [2024-12-31T13:16:52.772Z] updated scheduler job firebase-schedule-sendWorkoutReminders-us-central1
[info] ✔  functions[sendWorkoutReminders(us-central1)] Successful update operation. 
[debug] [2024-12-31T13:16:52.784Z] Total Function Deployment time: 141171
[debug] [2024-12-31T13:16:52.784Z] 1 Functions Deployed
[debug] [2024-12-31T13:16:52.784Z] 0 Functions Errored
[debug] [2024-12-31T13:16:52.784Z] 0 Function Deployments Aborted
[debug] [2024-12-31T13:16:52.784Z] Average Function Deployment time: 141170
[info] i  functions: cleaning up build files... 
[debug] [2024-12-31T13:18:08.331Z] Checked if tokens are valid: true, expires at: 1735652572396
[debug] [2024-12-31T13:18:08.332Z] Checked if tokens are valid: true, expires at: 1735652572396
[debug] [2024-12-31T13:18:08.333Z] Checked if tokens are valid: true, expires at: 1735652572396
[debug] [2024-12-31T13:18:08.333Z] Checked if tokens are valid: true, expires at: 1735652572396
[debug] [2024-12-31T13:18:08.333Z] >>> [apiv2][query] DELETE https://artifactregistry.googleapis.com/v1beta2/projects/twotwentyfive-3acb1/locations/us-central1/repositories/gcf-artifacts/packages/send_workout_reminders [none]
[debug] [2024-12-31T13:18:08.335Z] >>> [apiv2][query] GET https://us.gcr.io/v2/twotwentyfive-3acb1/gcf/us-central1/tags/list [none]
[debug] [2024-12-31T13:18:09.832Z] <<< [apiv2][status] GET https://us.gcr.io/v2/twotwentyfive-3acb1/gcf/us-central1/tags/list 404
[debug] [2024-12-31T13:18:09.832Z] <<< [apiv2][body] GET https://us.gcr.io/v2/twotwentyfive-3acb1/gcf/us-central1/tags/list {"errors":[{"code":"NAME_UNKNOWN","message":"Repository \"us.gcr.io\" not found"}]}
[debug] [2024-12-31T13:18:09.833Z] Failed docker command with error  Request to https://us.gcr.io/v2/twotwentyfive-3acb1/gcf/us-central1/tags/list had HTTP Error: 404, Not Found {"name":"FirebaseError","children":[],"context":{"body":{"errors":[{"code":"NAME_UNKNOWN","message":"Repository \"us.gcr.io\" not found"}],"error":{"message":"Not Found"}},"response":{"statusCode":404}},"exit":1,"message":"Request to https://us.gcr.io/v2/twotwentyfive-3acb1/gcf/us-central1/tags/list had HTTP Error: 404, Not Found","status":404}
[debug] [2024-12-31T13:18:09.834Z] Checked if tokens are valid: true, expires at: 1735652572396
[debug] [2024-12-31T13:18:09.834Z] Checked if tokens are valid: true, expires at: 1735652572396
[debug] [2024-12-31T13:18:09.834Z] >>> [apiv2][query] GET https://us.gcr.io/v2/twotwentyfive-3acb1/gcf/us-central1/tags/list [none]
[debug] [2024-12-31T13:18:10.045Z] <<< [apiv2][status] DELETE https://artifactregistry.googleapis.com/v1beta2/projects/twotwentyfive-3acb1/locations/us-central1/repositories/gcf-artifacts/packages/send_workout_reminders 200
[debug] [2024-12-31T13:18:10.045Z] <<< [apiv2][body] DELETE https://artifactregistry.googleapis.com/v1beta2/projects/twotwentyfive-3acb1/locations/us-central1/repositories/gcf-artifacts/packages/send_workout_reminders {"name":"projects/twotwentyfive-3acb1/locations/us-central1/operations/a7d97ffd-564c-44f7-8bf1-60f36572495e","metadata":{"@type":"type.googleapis.com/google.devtools.artifactregistry.v1beta2.OperationMetadata"}}
[debug] [2024-12-31T13:18:10.049Z] Checked if tokens are valid: true, expires at: 1735652572396
[debug] [2024-12-31T13:18:10.050Z] Checked if tokens are valid: true, expires at: 1735652572396
[debug] [2024-12-31T13:18:10.050Z] >>> [apiv2][query] GET https://artifactregistry.googleapis.com/v1beta2/projects/twotwentyfive-3acb1/locations/us-central1/operations/a7d97ffd-564c-44f7-8bf1-60f36572495e [none]
[debug] [2024-12-31T13:18:10.288Z] <<< [apiv2][status] GET https://us.gcr.io/v2/twotwentyfive-3acb1/gcf/us-central1/tags/list 404
[debug] [2024-12-31T13:18:10.289Z] <<< [apiv2][body] GET https://us.gcr.io/v2/twotwentyfive-3acb1/gcf/us-central1/tags/list {"errors":[{"code":"NAME_UNKNOWN","message":"Repository \"us.gcr.io\" not found"}]}
[debug] [2024-12-31T13:18:10.290Z] Failed docker command with error  Request to https://us.gcr.io/v2/twotwentyfive-3acb1/gcf/us-central1/tags/list had HTTP Error: 404, Not Found {"name":"FirebaseError","children":[],"context":{"body":{"errors":[{"code":"NAME_UNKNOWN","message":"Repository \"us.gcr.io\" not found"}],"error":{"message":"Not Found"}},"response":{"statusCode":404}},"exit":1,"message":"Request to https://us.gcr.io/v2/twotwentyfive-3acb1/gcf/us-central1/tags/list had HTTP Error: 404, Not Found","status":404}
[debug] [2024-12-31T13:18:10.389Z] <<< [apiv2][status] GET https://artifactregistry.googleapis.com/v1beta2/projects/twotwentyfive-3acb1/locations/us-central1/operations/a7d97ffd-564c-44f7-8bf1-60f36572495e 200
[debug] [2024-12-31T13:18:10.389Z] <<< [apiv2][body] GET https://artifactregistry.googleapis.com/v1beta2/projects/twotwentyfive-3acb1/locations/us-central1/operations/a7d97ffd-564c-44f7-8bf1-60f36572495e {"name":"projects/twotwentyfive-3acb1/locations/us-central1/operations/a7d97ffd-564c-44f7-8bf1-60f36572495e","metadata":{"@type":"type.googleapis.com/google.devtools.artifactregistry.v1beta2.OperationMetadata"},"done":true,"response":{"@type":"type.googleapis.com/google.protobuf.Empty"}}
[debug] [2024-12-31T13:18:10.391Z] Checked if tokens are valid: true, expires at: 1735652572396
[debug] [2024-12-31T13:18:10.391Z] Checked if tokens are valid: true, expires at: 1735652572396
[debug] [2024-12-31T13:18:10.391Z] >>> [apiv2][query] GET https://us.gcr.io/v2/twotwentyfive-3acb1/gcf/us-central1/tags/list [none]
[debug] [2024-12-31T13:18:10.966Z] <<< [apiv2][status] GET https://us.gcr.io/v2/twotwentyfive-3acb1/gcf/us-central1/tags/list 404
[debug] [2024-12-31T13:18:10.966Z] <<< [apiv2][body] GET https://us.gcr.io/v2/twotwentyfive-3acb1/gcf/us-central1/tags/list {"errors":[{"code":"NAME_UNKNOWN","message":"Repository \"us.gcr.io\" not found"}]}
[debug] [2024-12-31T13:18:10.967Z] Failed docker command with error  Request to https://us.gcr.io/v2/twotwentyfive-3acb1/gcf/us-central1/tags/list had HTTP Error: 404, Not Found {"name":"FirebaseError","children":[],"context":{"body":{"errors":[{"code":"NAME_UNKNOWN","message":"Repository \"us.gcr.io\" not found"}],"error":{"message":"Not Found"}},"response":{"statusCode":404}},"exit":1,"message":"Request to https://us.gcr.io/v2/twotwentyfive-3acb1/gcf/us-central1/tags/list had HTTP Error: 404, Not Found","status":404}
[warn] ⚠  functions: Unhandled error cleaning up build images. This could result in a small monthly bill if not corrected. You can attempt to delete these images by redeploying or you can delete them manually at https://console.cloud.google.com/gcr/images/twotwentyfive-3acb1/us/gcf 
[info] 
[info] ✔  Deploy complete! 
[info] 
[info] Project Console: https://console.firebase.google.com/project/twotwentyfive-3acb1/overview
[debug] [2024-12-31T13:19:36.257Z] Error: Timed out.
    at Timeout._onTimeout (/usr/local/lib/node_modules/firebase-tools/lib/utils.js:269:49)
    at listOnTimeout (node:internal/timers:573:17)
    at process.processTimers (node:internal/timers:514:7)
[error] 
[error] Error: An unexpected error has occurred.
